sequence,response
MSAPFAKFPSSASISPNPFTVSIPDEQLDDLKTLVRLSKIAPPTYESLQADGRFGITSEWLTTMREKWLSEFDWRPFEARLNSFPQFTTEIEGLTIHFAALFSEREDAVPIALLHGWPGSFVEFYPILQLFREEYTPETLPFHLVVPSLPGYTFSSGPPLDKDFGLMDNARVVDQLMKDLGFGSGYIIQGGDIGSFVGRLLGVGFDACKAVHLNLCAMRAPPEGPSIESLSAAEKEGIARMEKFMTDGLAYAMEHSTRPSTIGHVLSSSPIALLAWIGEKYLQWVDKPLPSETILEMVSLYWLTESFPRAIHTYRETTPTASAPNGATMLQKELYIHKPFGFSFFPKDLCPVPRSWIATTGNLVFFRDHAEGGHFAALERPRELKTDLTAFVEQVWQK,5
MSAPFAKFPSSASISPNPFTVSIPDEQLDDLKTLVRLSKIAPPTYESLQADGRFGITSEWLTTMREKWLSEFDWRPFEARLNSFPQFTTEIEGLTIHFAALFSEREDAVPIALLHGWPGSFVEFYPILQLFREEYTPETLPFHLVVPSLPGYTFSSGPPLDKDFGLMDNARVVDQLMKDLGFGSGYIIQGGDIGSFVGRLLGVGFDACKAVHLNFCAMDAPPEGPSIESLSAAEKEGIARMEKFMTDGLAYAMEHSTRPSTIGHVLSSSPIALLAWIGEKYLQWVDKPLPSETILEMVSLYWLTESFPRAIHTYRETTPTASAPNGATMLQKELYIHKPFGFSFFPKDLCPVPRSWIATTGNLVFFRDHAEGGHFAALERPRELKTDLTAFVEQVWQK,23
MSAPFAKFPSSASISPNPFTVSIPDEQLDDLKTLVRLSKIAPPTYESLQADGRFGITSEWLTTMREKWLSEFDWRPFEARLNSFPQFTTEIEGLTIHFAALFSEREDAVPIALLHGWPGSFVEFYPILQLFREEYTPETLPFHLVVPSLPGYTFSSGPPLDKDFGLMDNARVVDQLMKDLGFGSGYIIQGGDIGSFVGRLLGVGFDACKAVHLNLCAMRAPPEGPSIESLSAAEKEGIARMEKFMTDGLAYAMEHSTRPSTIGHVLSSSPIALLAWIGEKYLQWVDKPLPSETILEMVSLYWLTESFPRAIHTYRETTPTASAPNGATMLQKELYIHKPFGFSFFPKDVHPVPRSWIATTGNLVFFRDHAEGGHFAALERPRELKTDLTAFVEQVWQK,10
MSAPFAKFPSSASISPNPFTVSIPDEQLDDLKTLVRLSKIAPPTYESLQADGRFGITSEWLTTMREKWLSEFDWRPFEARLNSFPQFTTEIEGLTIHFAALFSEREDAVPIALLHGWPGSFVEFYPILQLFREEYTPETLPFHLVVPSLPGYTFSSGPPLDKDFGLMDNARVVDQLMKDLGFGSGYIIQGGDIGSFVGRLLGVGFDACKAVHLNLCAMRAPPEGPSIESLSAAEKEGIARMEKFMTDGLAYAMEHSTRPSTIGHVLSSSPIALLAWIGEKYLQWVDKPLPSETILEMVSLYWLTESFPRAIHTYRETTPTASAPNGATMLQKELYIHKPFGFSFFPKDVYPVPRSWIATTGNLVFFRDHAEGGHFAALERPRELKTDLTAFVEQVWQK,9
MSAPFAKFPSSASISPNPFTVSIPDEQLDDLKTLVRLSKIAPPTYESLQADGRFGITSEWLTTMREKWLSEFDWRPFEARLNSFPQFTTEIEGLTIHFAALFSEREDAVPIALLHGWPGSFVEFYPILQLFREEYTPETLPFHLVVPSLPGYTFSSGPPLDKDFGLMDNARVVDQLMKDLGFGSGYIIQGGDIGSFVGRLLGVGFDACKAVHLNLCAMRAPPEGPSIESLSAAEKEGIARMEKFMTDGLAYAMEHSTRPSTIGHVLSSSPIALLAWIGEKYLQWVDKPLPSETILEMVSLYWLTESFPRAIHTYREFFPTASAPNGATMLQKELYIHKPFGFSFFPKDLCPVPRSWIATTGNLVFFRDHAEGGHFAALERPRELKTDLTAFVEQVWQK,12
MSAPFAKFPSSASISPNPFTVSIPDEQLDDLKTLVRLSKIAPPTYESLQADGRFGITSEWLTTMREKWLSEFDWRPFEARLNSFPQFTTEIEGLTIHFAALFSEREDAVPIALLHGWPGSFVEFYPILQLFREEYTPETLPFHLVVPSLPGYTFSSGPPLDKDFGLMDNARVVDQLMKDLGFGSGYIIQGGDIGSFVGRLLGVGFDACKAVHLNLCAMRAPPEGPSIESLSAAEKEGIARMEKFMTDGLAYAMEHSTRPSTIGHVLSSSPIALLAWIGEKYLQWVDKPLPSETILEMVSLYWLTESFPRAIHTYRECFPTASAPNGATMLQKELYIHKPFGFSFFPKDLCPVPRSWIATTGNLVFFRDHAEGGHFAALERPRELKTDLTAFVEQVWQK,11
MSAPFAKFPSSASISPNPFTVSIPDEQLDDLKTLVRLSKIAPPTYESLQADGRFGITSEWLTTMREKWLSEFDWRPFEARLNSFPQFTTEIEGLTIHFAALFSEREDAVPIALLHGWPGSFVEFYPILQLFREEYTPETLPFHLVVPSLPGYTFSSGPPLDKDFGLMDNARVVDQLMKDLGFGSGYIIQGGDIGSFVGRLLGVGFDACKAVHLNLCAMRAPPEGPSIESLSAAEKEGIARMEKFMTDGLAYAMEHSTRPSTIGHVLSSSPIALLAWIGEKYLQWVDKPLPSETILEMVSLYWLTESFPRAIHTYREFCPTASAPNGATMLQKELYIHKPFGFSFFPKDLCPVPRSWIATTGNLVFFRDHAEGGHFAALERPRELKTDLTAFVEQVWQK,11
MSAPFAKFPSSASISPNPFTVSIPDEQLDDLKTLVRLSKIAPPTYESLQADGRFGITSEWLTTMREKWLSEFDWRPFEARLNSFPQFTTEIEGLTIHFAALFSEREDAVPIALLHGWPGSFVEFYPILQLFREEYTPETLPFHLVVPSLPGYTFSSGPPLDKDFGLMDNARVVDQLMKDLGFGSGYIIQGGDIGSFVGRLLGVGFDACKAVHLNLCAMRAPPEGPSIESLSAAEKEGIARMEKFMTDGLAYAMEHSTRPSTIGHVLSSSPIALLAWIGEKYLQWVDKPLPSETILEMVSLYWLTESFPRAIHTYREFSPTASAPNGATMLQKELYIHKPFGFSFFPKDLCPVPRSWIATTGNLVFFRDHAEGGHFAALERPRELKTDLTAFVEQVWQK,21
MSAPFAKFPSSASISPNPFTVSIPDEQLDDLKTLVRLSKIAPPTYESLQADGRFGITSEWLTTMREKWLSEFDWRPFEARLNSFPQFTTEIEGLTIHFAALFSEREDAVPIALLHGWPGSFVEFYPILQLFREEYTPETLPFHLVVPSLPGYTFSSGPPLDKDFGLMDNARVVDQLMKDLGFGSGYIIQGGDIGSFVGRLLGVGFDACKAVHLNLCAMRAPPEGPSIESLSAAEKEGIARMEKFMTDGLAYAMEHSTRPSTIGHVLSSSPIALLAWIGEKYLQWVDKPLPSETILEMVSLYWLTESFPRAIHTYREGFPTASAPNGATMLQKELYIHKPFGFSFFPKDLCPVPRSWIATTGNLVFFRDHAEGGHFAALERPRELKTDLTAFVEQVWQK,18
MSAPFAKFPSSASISPNPFTVSIPDEQLDDLKTLVRLSKIAPPTYESLQADGRFGITSEWLTTMREKWLSEFDWRPFEARLNSFPQFTTEIEGLTIHFAALFSEREDAVPIALLHGWPGSFVEFYPILQLFREEYTPETLPFHLVVPSLPGYTFSSGPPLDKDFGLMDNARVVDQLMKDLGFGSGYIIQGGDIGSFVGRLLGVGFDACKAVHLNLCAMRAPPEGPSIESLSAAEKEGIARMEKFMTDGLAYAMEHSTRPSTIGHVLSSSPIALLAWIGEKYLQWVDKPLPSETILEMVSLYWLTESFPRAIHTYREFGPTASAPNGATMLQKELYIHKPFGFSFFPKDLCPVPRSWIATTGNLVFFRDHAEGGHFAALERPRELKTDLTAFVEQVWQK,17
MSAPFAKFPSSASISPNPFTVSIPDEQLDDLKTLVRLSKIAPPTYESLQADGRFGITSEWLTTMREKWLSEFDWRPFEARLNSFPQFTTEIEGLTIHFAALFSEREDAVPIALLHGWPGSFVEFYPILQLFREEYTPETLPFHLVVPSLPGYTFSSGPPLDKDFGLMDNARVVDQLMKDLGFGSGYIIQGGDIGSFVGRLLGVGFDACKAVHLNLCAMRAPPEGPSIESLSAAEKEGIARMEKFMTDGFAYAMEHSTRPSTIGHVLSSSPIALLAWIGEKYLQWVDKPLPSETILEMVSLYWLTESFPRAIHTYRETTPTASAPNGATMLQKELYIHKPFGFSFFPKDLCPVPRSWIATTGNLVFFRDHAEGGHFAALERPRELKTDLTAFVEQVWQK,12
MSAPFAKFPSSASISPNPFTVSIPDEQLDDLKTLVRLSKIAPPTYESLQADGRFGITSEWLTTMREKWLSEFDWRPFEARLNSFPQFTTEIEGLTIHFAALFSEREDAVPIALLHGWPGSFVEFYPILQLFREEYTPETLPFHLVVPSLPGYTFSSGPPLDKDFGLMDNARVVDQLMKDLGFGSGYIIQGGDIGSFVGRLLGVGFDACKAVHLNLCAMRAPPEGPSIESLSAAEKEGIARMEKFMTDGSAYAMEHSTRPSTIGHVLSSSPIALLAWIGEKYLQWVDKPLPSETILEMVSLYWLTESFPRAIHTYRETTPTASAPNGATMLQKELYIHKPFGFSFFPKDLCPVPRSWIATTGNLVFFRDHAEGGHFAALERPRELKTDLTAFVEQVWQK,7
MSAPFAKFPSSASISPNPFTVSIPDEQLDDLKTLVRLSKIAPPTYESLQADGRFGITSEWLTTMREKWLSEFDWRPFEARLNSFPQFTTEIEGLTIHFAALFSEREDAVPIALLHGWPGSFVEFYPILQLFREEYTPETLPFHLVVPSLPGYTFSSGPPLDKDFGLMDNARVVDQLMKDLGFGSGYIIQGGDIGSFVGRLLGVGFDACKAVHLNLCAMRAPPEGPSIESLSAAEKEGIARMEKFMTDGIAYAMEHSTRPSTIGHVLSSSPIALLAWIGEKYLQWVDKPLPSETILEMVSLYWLTESFPRAIHTYRETTPTASAPNGATMLQKELYIHKPFGFSFFPKDLCPVPRSWIATTGNLVFFRDHAEGGHFAALERPRELKTDLTAFVEQVWQK,9
MSAPFAKFPSSASISPNPFTVSIPDEQLDDLKTLVRLSKIAPPTYESLQADGRFGITSEWLTTMREKWLSEFDWRPFEARLNSFPQFTTEIEGLTIHFAALFSEREDAVPIALLHGWPGSFVEFYPILQLFREEYTPETLPFHLVVPSLPGYTFSSGPPLDKDFGLMDNARVVDQLMKDLGFGSGYIIQGGDIGSFVGRLLGVGFDACKAVHLNFCAMDAPPEGPSIESLSAAEKEGIARMEKFMTDGLAYAMEHSTRPSTIGHVLSSSPIALLAWIGEKYLQWVDKPLPSETILEMVSLYWLTESFPRAIHTYRETTPTASAPNGATMLQKELYIHKPFGFSFFPKDLVPVPRSWIATTGNLVFFRDHAEGGHFAALERPRELKTDLTAFVEQVWQK,24
MSAPFAKFPSSASISPNPFTVSIPDEQLDDLKTLVRLSKIAPPTYESLQADGRFGITSEWLTTMREKWLSEFDWRPFEARLNSFPQFTTEIEGLTIHFAALFSEREDAVPIALLHGWPGSFVEFYPILQLFREEYTPETLPFHLVVPSLPGYTFSSGPPLDKDFGLMDNARVVDQLMKDLGFGSGYIIQGGDIGSFVGRLLGVGFDACKAVHLNFCAMDAPPEGPSIESLSAAEKEGIARMEKFMTDGLAYAMEHSTRPSTIGHVLSSSPIALLAWIGEKYLQWVDKPLPSETILEMVSLYWLTESFPRAIHTYRECFPTASAPNGATMLQKELYIHKPFGFSFFPKDLCPVPRSWIATTGNLVFFRDHAEGGHFAALERPRELKTDLTAFVEQVWQK,44
MSAPFAKFPSSASISPNPFTVSIPDEQLDDLKTLVRLSKIAPPTYESLQADGRFGITSEWLTTMREKWLSEFDWRPFEARLNSFPQFTTEIEGLTIHFAALFSEREDAVPIALLHGWPGSFVEFYPILQLFREEYTPETLPFHLVVPSLPGYTFSSGPPLDKDFGLMDNARVVDQLMKDLGFGSGYIIQGGDIGSFVGRLLGVGFDACKAVHLNFCAMDAPPEGPSIESLSAAEKEGIARMEKFMTDGYAYAMEHSTRPSTIGHVLSSSPIALLAWIGEKYLQWVDKPLPSETILEMVSLYWLTESFPRAIHTYRETTPTASAPNGATMLQKELYIHKPFGFSFFPKDLCPVPRSWIATTGNLVFFRDHAEGGHFAALERPRELKTDLTAFVEQVWQK,52
MSAPFAKFPSSASISPNPFTVSIPDEQLDDLKTLVRLSKIAPPTYESLQADGRFGITSEWLTTMREKWLSEFDWRPFEARLNSFPQFTTEIEGLTIHFAALFSEREDAVPIALLHGWPGSFVEFYPILQLFREEYTPETLPFHLVVPSLPGYTFSSGPPLDKDFGLMDNARVVDQLMKDLGFGSGYIIQGGDIGSFVGRLLGVGFDACKAVHLNFCAMDAPPEGPSIESLSAAEKEGIARMEKYMTDGYAYAMEHSTRPSTIGHVLSSSPIALLAWIGEKYLQWVDKPLPSETILEMVSLYWLTESFPRAIHTYRETTPTASAPNGATMLQKELYIHKPFGFSFFPKDLCPVPRSWIATTGNLVFFRDHAEGGHFAALERPRELKTDLTAFVEQVWQK,43
MSAPFAKFPSSASISPNPFTVSIPDEQLDDLKTLVRLSKIAPPTYESLQADGRFGITSEWLTTMREKWLSEFDWRPFEARLNSFPQFTTEIEGLTIHFAALFSEREDAVPIALLHGWPGSFVEFYPILQLFREEYTPETLPFHLVVPSLPGYTFSSGPPLDKDFGLMDNARVVDQLMKDLGFGSGYIIQGGDIGSFVGRLLGVGFDACKAVHLNFCAMDAPPEGPSIESLSAAEKEGIARMEKFMTDGLAYAMEHSTRPSTIGHVLSSSPIALLAWIGEKYLQWVDKPLPSETILEMVSLYWLTESFPRAIHTYRETTPTASAPNGATMLQKELYIHKPFGFSFFPKDVHPVPRSWIATTGNLVFFRDHAEGGHFAALERPRELKTDLTAFVEQVWQK,22
MSAPFAKFPSSASISPNPFTVSIPDEQLDDLKTLVRLSKIAPPTYESLQADGRFGITSEWLTTMREKWLSEFDWRPFEARLNSFPQFTTEIEGLTIHFAALFSEREDAVPIALLHGWPGSFVEFYPILQLFREEYTPETLPFHLVVPSLPGYTFSSGPPLDKDFGLMDNARVVDQLMKDLGFGSGYIIQGGDIGSFVGRLLGVGFDACKAVHLNLCAMRAPPEGPSIESLSAAEKEGIARMEKFMTDGLAYAMEHSTRPSTIGHVLSSSPIALLAWIGEKYLQWVDKPLPSETILEMVSLYWLTESFPRAIHTYRECFPTASAPNGATMLQKELYIHKPFGFSFFPKDVHPVPRSWIATTGNLVFFRDHAEGGHFAALERPRELKTDLTAFVEQVWQK,26
MSAPFAKFPSSASISPNPFTVSIPDEQLDDLKTLVRLSKIAPPTYESLQADGRFGITSEWLTTMREKWLSEFDWRPFEARLNSFPQFTTEIEGLTIHFAALFSEREDAVPIALLHGWPGSFVEFYPILQLFREEYTPETLPFHLVVPSLPGYTFSSGPPLDKDFGLMDNARVVDQLMKDLGFGSGYIIQGGDIGSFVGRLLGVGFDACKAVHLNLCAMRAPPEGPSIESLSAAEKEGIARMEKFMTDGLAYAMEHSTRPSTIGHVLSSSPIALLAWIGEKYLQWVDKPLPSETILEMVSLYWLTESFPRAIHTYREFCPTASAPNGATMLQKELYIHKPFGFSFFPKDVHPVPRSWIATTGNLVFFRDHAEGGHFAALERPRELKTDLTAFVEQVWQK,23
MSAPFAKFPSSASISPNPFTVSIPDEQLDDLKTLVRLSKIAPPTYESLQADGRFGITSEWLTTMREKWLSEFDWRPFEARLNSFPQFTTEIEGLTIHFAALFSEREDAVPIALLHGWPGSFVEFYPILQLFREEYTPETLPFHLVVPSLPGYTFSSGPPLDKDFGLMDNARVVDQLMKDLGFGSGYIIQGGDIGSFVGRLLGVGFDACKAVHLNLCAMRAPPEGPSIESLSAAEKEGIARMEKFMTDGLAYAMEHSTRPSTIGHVLSSSPIALLAWIGEKYLQWVDKPLPSETILEMVSLYWLTESFPRAIHTYREFYPTASAPNGATMLQKELYIHKPFGFSFFPKDVHPVPRSWIATTGNLVFFRDHAEGGHFAALERPRELKTDLTAFVEQVWQK,25
MSAPFAKFPSSASISPNPFTVSIPDEQLDDLKTLVRLSKIAPPTYESLQADGRFGITSEWLTTMREKWLSEFDWRPFEARLNSFPQFTTEIEGLTIHFAALFSEREDAVPIALLHGWPGSFVEFYPILQLFREEYTPETLPFHLVVPSLPGYTFSSGPPLDKDFGLMDNARVVDQLMKDLGFGSGYIIQGGDIGSFVGRLLGVGFDACKAVHLNLCAMRAPPEGPSIESLSAAEKEGIARMEKFMTDGYAYAMEHSTRPSTIGHVLSSSPIALLAWIGEKYLQWVDKPLPSETILEMVSLYWLTESFPRAIHTYRETTPTASAPNGATMLQKELYIHKPFGFSFFPKDVHPVPRSWIATTGNLVFFRDHAEGGHFAALERPRELKTDLTAFVEQVWQK,12
MSAPFAKFPSSASISPNPFTVSIPDEQLDDLKTLVRLSKIAPPTYESLQADGRFGITSEWLTTMREKWLSEFDWRPFEARLNSFPQFTTEIEGLTIHFAALFSEREDAVPIALLHGWPGSFVEFYPILQLFREEYTPETLPFHLVVPSLPGYTFSSGPPLDKDFGLMDNARVVDQLMKDLGFGSGYIIQGGDIGSFVGRLLGVGFDACKAVHLNFCAMCAPPEGPSIESLSAAEKEGIARMEKFMTDGLAYAMEHSTRPSTIGHVLSSSPIALLAWIGEKYLQWVDKPLPSETILEMVSLYWLTESFPRAIHTYREFSPTASAPNGATMLQKELYIHKPFGFSFFPKDLCPVPRSWIATTGNLVFFRDHAEGGHFAALERPRELKTDLTAFVEQVWQK,36
MSAPFAKFPSSASISPNPFTVSIPDEQLDDLKTLVRLSKIAPPTYESLQADGRFGITSEWLTTMREKWLSEFDWRPFEARLNSFPQFTTEIEGLTIHFAALFSEREDAVPIALLHGWPGSFVEFYPILQLFREEYTPETLPFHLVVPSLPGYTFSSGPPLDKDFGLMDNARVVDQLMKDLGFGSGYIIQGGDIGSFVGRLLGVGFDACKAVHLNFCAMVAPPEGPSIESLSAAEKEGIARMEKFMTDGLAYAMEHSTRPSTIGHVLSSSPIALLAWIGEKYLQWVDKPLPSETILEMVSLYWLTESFPRAIHTYREFSPTASAPNGATMLQKELYIHKPFGFSFFPKDLCPVPRSWIATTGNLVFFRDHAEGGHFAALERPRELKTDLTAFVEQVWQK,36
MSAPFAKFPSSASISPNPFTVSIPDEQLDDLKTLVRLSKIAPPTYESLQADGRFGITSEWLTTMREKWLSEFDWRPFEARLNSFPQFTTEIEGLTIHFAALFSEREDAVPIALLHGWPGSFVEFYPILQLFREEYTPETLPFHLVVPSLPGYTFSSGPPLDKDFGLMDNARVVDQLMKDLGFGSGYIIQGGDIGSFVGRLLGVGFDACKAVHLNLCAMRAPPEGPSIESLSAAEKEGIARMEKFMTDGLAYAMEHSTRPSTIGHVLSSSPIALLAWIGEKYLQWVDKPLPSETILEMVSLYWLTESFPRAIHTYREFSPTASAPNGATMLQKELYIHKPFGFSFFPKDCSPVPRSWIATTGNLVFFRDHAEGGHFAALERPRELKTDLTAFVEQVWQK,24.5
MSAPFAKFPSSASISPNPFTVSIPDEQLDDLKTLVRLSKIAPPTYESLQADGRFGITSEWLTTMREKWLSEFDWRPFEARLNSFPQFTTEIEGLTIHFAALFSEREDAVPIALLHGWPGSFVEFYPILQLFREEYTPETLPFHLVVPSLPGYTFSSGPPLDKDFGLMDNARVVDQLMKDLGFGSGYIIQGGDIGSFVGRLLGVGFDACKAVHLNLCAMRAPPEGPSIESLSAAEKEGIARMEKFMTDGVAYAMEHSTRPSTIGHVLSSSPIALLAWIGEKYLQWVDKPLPSETILEMVSLYWLTESFPRAIHTYREFSPTASAPNGATMLQKELYIHKPFGFSFFPKDLCPVPRSWIATTGNLVFFRDHAEGGHFAALERPRELKTDLTAFVEQVWQK,20
MSAPFAKFPSSASISPNPFTVSIPDEQLDDLKTLVRLSKIAPPTYESLQADGRFGITSEWLTTMREKWLSEFDWRPFEARLNSFPQFTTEIEGLTIHFAALFSEREDAVPIALLHGWPGSFVEFYPILQLFREEYTPETLPFHLVVPSLPGYTFSSGPPLDKDFGLMDNARVVDQLMKDLGFGSGYIIQGGDIGSFVGRLLGVGFDACKAVHLNFCAMVAPPEGPSIESLSAAEKEGIARMEKFMTDGFAYAMEHSTRPSTIGHVLSSSPIALLAWIGEKYLQWVDKPLPSETILEMVSLYWLTESFPRAIHTYRETTPTASAPNGATMLQKELYIHKPFGFSFFPKDLCPVPRSWIATTGNLVFFRDHAEGGHFAALERPRELKTDLTAFVEQVWQK,25
MSAPFAKFPSSASISPNPFTVSIPDEQLDDLKTLVRLSKIAPPTYESLQADGRFGITSEWLTTMREKWLSEFDWRPFEARLNSFPQFTTEIEGLTIHFAALFSEREDAVPIALLHGWPGSFVEFYPILQLFREEYTPETLPFHLVVPSLPGYTFSSGPPLDKDFGLMDNARVVDQLMKDLGFGSGYIIQGGDIGSFVGRLLGVGFDACKAVHLNICAMSAPPEGPSIESLSAAEKEGIARMEKFMTDGFAYAMEHSTRPSTIGHVLSSSPIALLAWIGEKYLQWVDKPLPSETILEMVSLYWLTESFPRAIHTYRETTPTASAPNGATMLQKELYIHKPFGFSFFPKDLCPVPRSWIATTGNLVFFRDHAEGGHFAALERPRELKTDLTAFVEQVWQK,26
MSAPFAKFPSSASISPNPFTVSIPDEQLDDLKTLVRLSKIAPPTYESLQADGRFGITSEWLTTMREKWLSEFDWRPFEARLNSFPQFTTEIEGLTIHFAALFSEREDAVPIALLHGWPGSFVEFYPILQLFREEYTPETLPFHLVVPSLPGYTFSSGPPLDKDFGLMDNARVVDQLMKDLGFGSGYIIQGGDIGSFVGRLLGVGFDACKAVHLNLCAMRAPPEGPSIESLSAAEKEGIARMEKFMTDGFAYAMEHSTRPSTIGHVLSSSPIALLAWIGEKYLQWVDKPLPSETILEMVSLYWLTESFPRAIHTYRETTPTASAPNGATMLQKELYIHKPFGFSFFPKDVHPVPRSWIATTGNLVFFRDHAEGGHFAALERPRELKTDLTAFVEQVWQK,19
MSAPFAKFPSSASISPNPFTVSIPDEQLDDLKTLVRLSKIAPPTYESLQADGRFGITSEWLTTMREKWLSEFDWRPFEARLNSFPQFTTEIEGLTIHFAALFSEREDAVPIALLHGWPGSFVEFYPILQLFREEYTPETLPFHLVVPSLPGYTFSSGPPLDKDFGLMDNARVVDQLMKDLGFGSGYIIQGGDIGSFVGRLLGVGFDACKAVHLNLCAMRAPPEGPSIESLSAAEKEGIARMEKFMTDGFAYAMEHSTRPSTIGHVLSSSPIALLAWIGEKYLQWVDKPLPSETILEMVSLYWLTESFPRAIHTYRECFPTASAPNGATMLQKELYIHKPFGFSFFPKDLCPVPRSWIATTGNLVFFRDHAEGGHFAALERPRELKTDLTAFVEQVWQK,17
MSAPFAKFPSSASISPNPFTVSIPDEQLDDLKTLVRLSKIAPPTYESLQADGRFGITSEWLTTMREKWLSEFDWRPFEARLNSFPQFTTEIEGLTIHFAALFSEREDAVPIALLHGWPGSFVEFYPILQLFREEYTPETLPFHLVVPSLPGYTFSSGPPLDKDFGLMDNARVVDQLMKDLGFGSGYIIQGGDIGSFVGRLLGVGFDACKAVHLNLCAMRAPPEGPSIESLSAAEKEGIARMEKFMTDGFAYAMEHSTRPSTIGHVLSSSPIALLAWIGEKYLQWVDKPLPSETILEMVSLYWLTESFPRAIHTYRELYPTASAPNGATMLQKELYIHKPFGFSFFPKDLCPVPRSWIATTGNLVFFRDHAEGGHFAALERPRELKTDLTAFVEQVWQK,18
MSAPFAKFPSSASISPNPFTVSIPDEQLDDLKTLVRLSKIAPPTYESLQADGRFGITSEWLTTMREKWLSEFDWRPFEARLNSFPQFTTEIEGLTIHFAALFSEREDAVPIALLHGWPGSFVEFYPILQLFREEYTPETLPFHLVVPSLPGYTFSSGPPLDKDFGLMDNARVVDQLMKDLGFGSGYIIQGGDIGSFVGRLLGVGFDACKAVHLNFCAMDAPPEGPSIESLSAAEKEGIARMEKFMTDGLAYAMEHSTRPSTIGHVLSSSPIALLAWIGEKYLQWVDKPLPSETILEMVSLYWLTESFPRAIHTYRECFPTASAPNGATMLQKELYIHKPFGFSFFPKDLVPVPRSWIATTGNLVFFRDHAEGGHFAALERPRELKTDLTAFVEQVWQK,44
MSAPFAKFPSSASISPNPFTVSIPDEQLDDLKTLVRLSKIAPPTYESLQADGRFGITSEWLTTMREKWLSEFDWRPFEARLNSFPQFTTEIEGLTIHFAALFSEREDAVPIALLHGWPGSFVEFYPILQLFREEYTPETLPFHLVVPSLPGYTFSSGPPLDKDFGLMDNARVVDQLMKDLGFGSGYIIQGGDIGSFVGRLLGVGFDACKAVHLNFCAMDAPPEGPSIESLSAAEKEGIARMEKFMTDGYAYAMEHSTRPSTIGHVLSSSPIALLAWIGEKYLQWVDKPLPSETILEMVSLYWLTESFPRAIHTYRETTPTASAPNGATMLQKELYIHKPFGFSFFPKDLVPVPRSWIATTGNLVFFRDHAEGGHFAALERPRELKTDLTAFVEQVWQK,47
MSAPFAKFPSSASISPNPFTVSIPDEQLDDLKTLVRLSKIAPPTYESLQADGRFGITSEWLTTMREKWLSEFDWRPFEARLNSFPQFTTEIEGLTIHFAALFSEREDAVPIALLHGWPGSFVEFYPILQLFREEYTPETLPFHLVVPSLPGYTFSSGPPLDKDFGLMDNARVVDQLMKDLGFGSGYIIQGGDIGSFVGRLLGVGFDACKAVHLNFCAMDAPPEGPSIESLSAAEKEGIARMEKFMTDGLAYAMEHSTRPSTIGHVLSSSPIALLAWIGEKYLQWVDKPLPSETILEMVSLYWLTESFPRAIHTYRECFPTASAPNGATMLQKELYIHKPFGFSFFPKDLIPVPRSWIATTGNLVFFRDHAEGGHFAALERPRELKTDLTAFVEQVWQK,73
MSAPFAKFPSSASISPNPFTVSIPDEQLDDLKTLVRLSKIAPPTYESLQADGRFGITSEWLTTMREKWLSEFDWRPFEARLNSFPQFTTEIEGLTIHFAALFSEREDAVPIALLHGWPGSFVEFYPILQLFREEYTPETLPFHLVVPSLPGYTFSSGPPLDKDFGLMDNARVVDQLMKDLGFGSGYIIQGGDIGSFVGRLLGVGFDACKAVHLNFCAMDAPPEGPSIESLSAAEKEGIARMEKFMTDGFAYAMEHSTRPSTIGHVLSSSPIALLAWIGEKYLQWVDKPLPSETILEMVSLYWLTESFPRAIHTYRECFPTASAPNGATMLQKELYIHKPFGFSFFPKDLCPVPRSWIATTGNLVFFRDHAEGGHFAALERPRELKTDLTAFVEQVWQK,65.5
MSAPFAKFPSSASISPNPFTVSIPDEQLDDLKTLVRLSKIAPPTYESLQADGRFGITSEWLTTMREKWLSEFDWRPFEARLNSFPQFTTEIEGLTIHFAALFSEREDAVPIALLHGWPGSFVEFYPILQLFREEYTPETLPFHLVVPSLPGYTFSSGPPLDKDFGLMDNARVVDQLMKDLGFGSGYIIQGGDIGSFVGRLLGVGFDACKAVHLNFCAMDAPPEGPSIESLSAAEKEGIARMEKIMTDGIAYAMEHSTRPSTIGHVLSSSPIALLAWIGEKYLQWVDKPLPSETILEMVSLYWLTESFPRAIHTYRECFPTASAPNGATMLQKELYIHKPFGFSFFPKDLCPVPRSWIATTGNLVFFRDHAEGGHFAALERPRELKTDLTAFVEQVWQK,65
MSAPFAKFPSSASISPNPFTVSIPDEQLDDLKTLVRLSKIAPPTYESLQADGRFGITSEWLTTMREKWLSEFDWRPFEARLNSFPQFTTEIEGLTIHFAALFSEREDAVPIALLHGWPGSFVEFYPILQLFREEYTPETLPFHLVVPSLPGYTFSSGPPLDKDFGLMDNARVVDQLMKDLGFGSGYIIQGGDIGSFVGRLLGVGFDACKAVHLNFCAMDAPPEGPSIESLSAAEKEGIARMEKFMTDGYAYAMEHSTRPSTIGHVLSSSPIALLAWIGEKYLQWVDKPLPSETILEMVSLYWLTESFPRAIHTYREFSPTASAPNGATMLQKELYIHKPFGFSFFPKDLCPVPRSWIATTGNLVFFRDHAEGGHFAALERPRELKTDLTAFVEQVWQK,52
MSAPFAKFPSSASISPNPFTVSIPDEQLDDLKTLVRLSKIAPPTYESLQADGRFGITSEWLTTMREKWLSEFDWRPFEARLNSFPQFTTEIEGLTIHFAALFSEREDAVPIALLHGWPGSFVEFYPILQLFREEYTPETLPFHLVVPSLPGYTFSSGPPLDKDFGLMDNARVVDQLMKDLGFGSGYIIQGGDIGSFVGRLLGVGFDACKAVHLNFCAMDAPPEGPSIESLSAAEKEGIARMEKFMTDGLAYAMEHSTRPSTIGHVLSSSPIALLAWIGEKYLQWVDKPLPSETILEMVSLYWLTESFPRAIHTYREIFPTASAPNGATMLQKELYIHKPFGFSFFPKDVHPVPRSWIATTGNLVFFRDHAEGGHFAALERPRELKTDLTAFVEQVWQK,75
MSAPFAKFPSSASISPNPFTVSIPDEQLDDLKTLVRLSKIAPPTYESLQADGRFGITSEWLTTMREKWLSEFDWRPFEARLNSFPQFTTEIEGLTIHFAALFSEREDAVPIALLHGWPGSFVEFYPILQLFREEYTPETLPFHLVVPSLPGYTFSSGPPLDKDFGLMDNARVVDQLMKDLGFGSGYIIQGGDIGSFVGRLLGVGFDACKAVHLNFCAMDAPPEGPSIESLSAAEKEGIARMEKFMTDGYAYAMEHSTRPSTIGHVLSSSPIALLAWIGEKYLQWVDKPLPSETILEMVSLYWLTESFPRAIHTYRETTPTASAPNGATMLQKELYIHKPFGFSFFPKDVHPVPRSWIATTGNLVFFRDHAEGGHFAALERPRELKTDLTAFVEQVWQK,55.5
MSAPFAKFPSSASISPNPFTVSIPDEQLDDLKTLVRLSKIAPPTYESLQADGRFGITSEWLTTMREKWLSEFDWRPFEARLNSFPQFTTEIEGLTIHFAALFSEREDAVPIALLHGWPGSFVEFYPILQLFREEYTPETLPFHLVVPSLPGYTFSSGPPLDKDFGLMDNARVVDQLMKDLGFGSGYIIQGGDIGSFVGRLLGVGFDACKAVHLNFCAMDAPPEGPSIESLSAAEKEGIARMEKFMTDGFAYAMEHSTRPSTIGHVLSSSPIALLAWIGEKYLQWVDKPLPSETILEMVSLYWLTESFPRAIHTYRETTPTASAPNGATMLQKELYIHKPFGFSFFPKDVHPVPRSWIATTGNLVFFRDHAEGGHFAALERPRELKTDLTAFVEQVWQK,37
MSAPFAKFPSSASISPNPFTVSIPDEQLDDLKTLVRLSKIAPPTYESLQADGRFGITSEWLTTMREKWLSEFDWRPFEARLNSFPQFTTEIEGLTIHFAALFSEREDAVPIALLHGWPGSFVEFYPILQLFREEYTPETLPFHLVVPSLPGYTFSSGPPLDKDFGLMDNARVVDQLMKDLGFGSGYIIQGGDIGSFVGRLLGVGFDACKAVHLNFCAMDAPPEGPSIESLSAAEKEGIARMEKFMTDGLAYAMEHSTRPSTIGHVLSSSPIALLAWIGEKYLQWVDKPLPSETILEMVSLYWLTESFPRAIHTYRECFPTASAPNGATMLQKELYIHKPFGFSFFPKDVHPVPRSWIATTGNLVFFRDHAEGGHFAALERPRELKTDLTAFVEQVWQK,53
MSAPFAKFPSSASISPNPFTVSIPDEQLDDLKTLVRLSKIAPPTYESLQADGRFGITSEWLTTMREKWLSEFDWRPFEARLNSFPQFTTEIEGLTIHFAALFSEREDAVPIALLHGWPGSFVEFYPILQLFREEYTPETLPFHLVVPSLPGYTFSSGPPLDKDFGLMDNARVVDQLMKDLGFGSGYIIQGGDIGSFVGRLLGVGFDACKAVHLNFCAMNAPPEGPSIESLSAAEKEGIARMEKFMTDGLAYAMEHSTRPSTIGHVLSSSPIALLAWIGEKYLQWVDKPLPSETILEMVSLYWLTESFPRAIHTYRECFPTASAPNGATMLQKELYIHKPFGFSFFPKDVHPVPRSWIATTGNLVFFRDHAEGGHFAALERPRELKTDLTAFVEQVWQK,48
MSAPFAKFPSSASISPNPFTVSIPDEQLDDLKTLVRLSKIAPPTYESLQADGRFGITSEWLTTMREKWLSEFDWRPFEARLNSFPQFTTEIEGLTIHFAALFSEREDAVPIALLHGWPGSFVEFYPILQLFREEYTPETLPFHLVVPSLPGYTFSSGPPLDKDFGLMDNARVVDQLMKDLGFGSGYIIQGGDIGSFVGRLLGVGFDACKAVHLNLCAMRAPPEGPSIESLSAAEKEGIARMEKIMTDGIAYAMEHSTRPSTIGHVLSSSPIALLAWIGEKYLQWVDKPLPSETILEMVSLYWLTESFPRAIHTYRECFPTASAPNGATMLQKELYIHKPFGFSFFPKDVHPVPRSWIATTGNLVFFRDHAEGGHFAALERPRELKTDLTAFVEQVWQK,73
MSAPFAKFPSSASISPNPFTVSIPDEQLDDLKTLVRLSKIAPPTYESLQADGRFGITSEWLTTMREKWLSEFDWRPFEARLNSFPQFTTEIEGLTIHFAALFSEREDAVPIALLHGWPGSFVEFYPILQLFREEYTPETLPFHLVVPSLPGYTFSSGPPLDKDFGLMDNARVVDQLMKDLGFGSGYIIQGGDIGSFVGRLLGVGFDACKAVHLNLCAMRAPPEGPSIESLSAAEKEGIARMEKIMTDGVAYAMEHSTRPSTIGHVLSSSPIALLAWIGEKYLQWVDKPLPSETILEMVSLYWLTESFPRAIHTYRECFPTASAPNGATMLQKELYIHKPFGFSFFPKDVHPVPRSWIATTGNLVFFRDHAEGGHFAALERPRELKTDLTAFVEQVWQK,42
MSAPFAKFPSSASISPNPFTVSIPDEQLDDLKTLVRLSKIAPPTYESLQADGRFGITSEWLTTMREKWLSEFDWRPFEARLNSFPQFTTEIEGLTIHFAALFSEREDAVPIALLHGWPGSFVEFYPILQLFREEYTPETLPFHLVVPSLPGYTFSSGPPLDKDFGLMDNARVVDQLMKDLGFGSGYIIQGGDIGSFVGRLLGVGFDACKAVHLNLCAMRAPPEGPSIESLSAAEKEGIARMEKFMTDGYAYAMEHSTRPSTIGHVLSSSPIALLAWIGEKYLQWVDKPLPSETILEMVSLYWLTESFPRAIHTYREVFPTASAPNGATMLQKELYIHKPFGFSFFPKDVHPVPRSWIATTGNLVFFRDHAEGGHFAALERPRELKTDLTAFVEQVWQK,23
MSAPFAKFPSSASISPNPFTVSIPDEQLDDLKTLVRLSKIAPPTYESLQADGRFGITSEWLTTMREKWLSEFDWRPFEARLNSFPQFTTEIEGLTIHFAALFSEREDAVPIALLHGWPGSFVEFYPILQLFREEYTPETLPFHLVVPSLPGYTFSSGPPLDKDFGLMDNARVVDQLMKDLGFGSGYIIQGGDIGSFVGRLLGVGFDACKAVHLNLCAMRAPPEGPSIESLSAAEKEGIARMEKFMTDGYAYAMEHSTRPSTIGHVLSSSPIALLAWIGEKYLQWVDKPLPSETILEMVSLYWLTESFPRAIHTYREFFPTASAPNGATMLQKELYIHKPFGFSFFPKDVHPVPRSWIATTGNLVFFRDHAEGGHFAALERPRELKTDLTAFVEQVWQK,20
MSAPFAKFPSSASISPNPFTVSIPDEQLDDLKTLVRLSKIAPPTYESLQADGRFGITSEWLTTMREKWLSEFDWRPFEARLNSFPQFTTEIEGLTIHFAALFSEREDAVPIALLHGWPGSFVEFYPILQLFREEYTPETLPFHLVVPSLPGYTFSSGPPLDKDFGLMDNARVVDQLMKDLGFGSGYIIQGGDIGSFVGRLLGVGFDACKAVHLNLCAMRAPPEGPSIESLSAAEKEGIARMEKFMTDGYAYAMEHSTRPSTIGHVLSSSPIALLAWIGEKYLQWVDKPLPSETILEMVSLYWLTESFPRAIHTYREFCPTASAPNGATMLQKELYIHKPFGFSFFPKDVHPVPRSWIATTGNLVFFRDHAEGGHFAALERPRELKTDLTAFVEQVWQK,24
MSAPFAKFPSSASISPNPFTVSIPDEQLDDLKTLVRLSKIAPPTYESLQADGRFGITSEWLTTMREKWLSEFDWRPFEARLNSFPQFTTEIEGLTIHFAALFSEREDAVPIALLHGWPGSFVEFYPILQLFREEYTPETLPFHLVVPSLPGYTFSSGPPLDKDFGLMDNARVVDQLMKDLGFGSGYIIQGGDIGSFVGRLLGVGFDACKAVHLNFCAMCAPPEGPSIESLSAAEKEGIARMEKFMTDGLAYAMEHSTRPSTIGHVLSSSPIALLAWIGEKYLQWVDKPLPSETILEMVSLYWLTESFPRAIHTYREFSPTASAPNGATMLQKELYIHKPFGFSFFPKDLVPVPRSWIATTGNLVFFRDHAEGGHFAALERPRELKTDLTAFVEQVWQK,32
MSAPFAKFPSSASISPNPFTVSIPDEQLDDLKTLVRLSKIAPPTYESLQADGRFGITSEWLTTMREKWLSEFDWRPFEARLNSFPQFTTEIEGLTIHFAALFSEREDAVPIALLHGWPGSFVEFYPILQLFREEYTPETLPFHLVVPSLPGYTFSSGPPLDKDFGLMDNARVVDQLMKDLGFGSGYIIQGGDIGSFVGRLLGVGFDACKAVHLNFCAMCAPPEGPSIESLSAAEKEGIARMEKIMTDGFAYAMEHSTRPSTIGHVLSSSPIALLAWIGEKYLQWVDKPLPSETILEMVSLYWLTESFPRAIHTYREFSPTASAPNGATMLQKELYIHKPFGFSFFPKDLCPVPRSWIATTGNLVFFRDHAEGGHFAALERPRELKTDLTAFVEQVWQK,69
MSAPFAKFPSSASISPNPFTVSIPDEQLDDLKTLVRLSKIAPPTYESLQADGRFGITSEWLTTMREKWLSEFDWRPFEARLNSFPQFTTEIEGLTIHFAALFSEREDAVPIALLHGWPGSFVEFYPILQLFREEYTPETLPFHLVVPSLPGYTFSSGPPLDKDFGLMDNARVVDQLMKDLGFGSGYIIQGGDIGSFVGRLLGVGFDACKAVHLNFCAMCAPPEGPSIESLSAAEKEGIARMEKYMTDGFAYAMEHSTRPSTIGHVLSSSPIALLAWIGEKYLQWVDKPLPSETILEMVSLYWLTESFPRAIHTYREFSPTASAPNGATMLQKELYIHKPFGFSFFPKDLCPVPRSWIATTGNLVFFRDHAEGGHFAALERPRELKTDLTAFVEQVWQK,36
MSAPFAKFPSSASISPNPFTVSIPDEQLDDLKTLVRLSKIAPPTYESLQADGRFGITSEWLTTMREKWLSEFDWRPFEARLNSFPQFTTEIEGLTIHFAALFSEREDAVPIALLHGWPGSFVEFYPILQLFREEYTPETLPFHLVVPSLPGYTFSSGPPLDKDFGLMDNARVVDQLMKDLGFGSGYIIQGGDIGSFVGRLLGVGFDACKAVHLNFCAMRAPPEGPSIESLSAAEKEGIARMEKFMTDGLAYAMEHSTRPSTIGHVLSSSPIALLAWIGEKYLQWVDKPLPSETILEMVSLYWLTESFPRAIHTYREFSPTASAPNGATMLQKELYIHKPFGFSFFPKDCSPVPRSWIATTGNLVFFRDHAEGGHFAALERPRELKTDLTAFVEQVWQK,45
MSAPFAKFPSSASISPNPFTVSIPDEQLDDLKTLVRLSKIAPPTYESLQADGRFGITSEWLTTMREKWLSEFDWRPFEARLNSFPQFTTEIEGLTIHFAALFSEREDAVPIALLHGWPGSFVEFYPILQLFREEYTPETLPFHLVVPSLPGYTFSSGPPLDKDFGLMDNARVVDQLMKDLGFGSGYIIQGGDIGSFVGRLLGVGFDACKAVHLNFCAMVAPPEGPSIESLSAAEKEGIARMEKFMTDGLAYAMEHSTRPSTIGHVLSSSPIALLAWIGEKYLQWVDKPLPSETILEMVSLYWLTESFPRAIHTYREFSPTASAPNGATMLQKELYIHKPFGFSFFPKDCSPVPRSWIATTGNLVFFRDHAEGGHFAALERPRELKTDLTAFVEQVWQK,37
MSAPFAKFPSSASISPNPFTVSIPDEQLDDLKTLVRLSKIAPPTYESLQADGRFGITSEWLTTMREKWLSEFDWRPFEARLNSFPQFTTEIEGLTIHFAALFSEREDAVPIALLHGWPGSFVEFYPILQLFREEYTPETLPFHLVVPSLPGYTFSSGPPLDKDFGLMDNARVVDQLMKDLGFGSGYIIQGGDIGSFVGRLLGVGFDACKAVHLNLCAMRAPPEGPSIESLSAAEKEGIARMEKFMTDGIAYAMEHSTRPSTIGHVLSSSPIALLAWIGEKYLQWVDKPLPSETILEMVSLYWLTESFPRAIHTYREFSPTASAPNGATMLQKELYIHKPFGFSFFPKDCSPVPRSWIATTGNLVFFRDHAEGGHFAALERPRELKTDLTAFVEQVWQK,23
MSAPFAKFPSSASISPNPFTVSIPDEQLDDLKTLVRLSKIAPPTYESLQADGRFGITSEWLTTMREKWLSEFDWRPFEARLNSFPQFTTEIEGLTIHFAALFSEREDAVPIALLHGWPGSFVEFYPILQLFREEYTPETLPFHLVVPSLPGYTFSSGPPLDKDFGLMDNARVVDQLMKDLGFGSGYIIQGGDIGSFVGRLLGVGFDACKAVHLNFCAMRAPPEGPSIESLSAAEKEGIARMEKFMTDGVAYAMEHSTRPSTIGHVLSSSPIALLAWIGEKYLQWVDKPLPSETILEMVSLYWLTESFPRAIHTYREFSPTASAPNGATMLQKELYIHKPFGFSFFPKDLCPVPRSWIATTGNLVFFRDHAEGGHFAALERPRELKTDLTAFVEQVWQK,35
MSAPFAKFPSSASISPNPFTVSIPDEQLDDLKTLVRLSKIAPPTYESLQADGRFGITSEWLTTMREKWLSEFDWRPFEARLNSFPQFTTEIEGLTIHFAALFSEREDAVPIALLHGWPGSFVEFYPILQLFREEYTPETLPFHLVVPSLPGYTFSSGPPLDKDFGLMDNARVVDQLMKDLGFGSGYIIQGGDIGSFVGRLLGVGFDACKAVHLNFCAMVAPPEGPSIESLSAAEKEGIARMEKFMTDGVAYAMEHSTRPSTIGHVLSSSPIALLAWIGEKYLQWVDKPLPSETILEMVSLYWLTESFPRAIHTYREFSPTASAPNGATMLQKELYIHKPFGFSFFPKDLCPVPRSWIATTGNLVFFRDHAEGGHFAALERPRELKTDLTAFVEQVWQK,22
MSAPFAKFPSSASISPNPFTVSIPDEQLDDLKTLVRLSKIAPPTYESLQADGRFGITSEWLTTMREKWLSEFDWRPFEARLNSFPQFTTEIEGLTIHFAALFSEREDAVPIALLHGWPGSFVEFYPILQLFREEYTPETLPFHLVVPSLPGYTFSSGPPLDKDFGLMDNARVVDQLMKDLGFGSGYIIQGGDIGSFVGRLLGVGFDACKAVHLNLCAMRAPPEGPSIESLSAAEKEGIARMEKFMTDGVAYAMEHSTRPSTIGHVLSSSPIALLAWIGEKYLQWVDKPLPSETILEMVSLYWLTESFPRAIHTYREFSPTASAPNGATMLQKELYIHKPFGFSFFPKDLSPVPRSWIATTGNLVFFRDHAEGGHFAALERPRELKTDLTAFVEQVWQK,27
MSAPFAKFPSSASISPNPFTVSIPDEQLDDLKTLVRLSKIAPPTYESLQADGRFGITSEWLTTMREKWLSEFDWRPFEARLNSFPQFTTEIEGLTIHFAALFSEREDAVPIALLHGWPGSFVEFYPILQLFREEYTPETLPFHLVVPSLPGYTFSSGPPLDKDFGLMDNARVVDQLMKDLGFGSGYIIQGGDIGSFVGRLLGVGFDACKAVHLNLCAMRAPPEGPSIESLSAAEKEGIARMEKFMTDGVAYAMEHSTRPSTIGHVLSSSPIALLAWIGEKYLQWVDKPLPSETILEMVSLYWLTESFPRAIHTYREFSPTASAPNGATMLQKELYIHKPFGFSFFPKDVCPVPRSWIATTGNLVFFRDHAEGGHFAALERPRELKTDLTAFVEQVWQK,23
MSAPFAKFPSSASISPNPFTVSIPDEQLDDLKTLVRLSKIAPPTYESLQADGRFGITSEWLTTMREKWLSEFDWRPFEARLNSFPQFTTEIEGLTIHFAALFSEREDAVPIALLHGWPGSFVEFYPILQLFREEYTPETLPFHLVVPSLPGYTFSSGPPLDKDFGLMDNARVVDQLMKDLGFGSGYIIQGGDIGSFVGRLLGVGFDACKAVHLNFCAMVAPPEGPSIESLSAAEKEGIARMEKFMTDGFAYAMEHSTRPSTIGHVLSSSPIALLAWIGEKYLQWVDKPLPSETILEMVSLYWLTESFPRAIHTYRETTPTASAPNGATMLQKELYIHKPFGFSFFPKDLVPVPRSWIATTGNLVFFRDHAEGGHFAALERPRELKTDLTAFVEQVWQK,34
MSAPFAKFPSSASISPNPFTVSIPDEQLDDLKTLVRLSKIAPPTYESLQADGRFGITSEWLTTMREKWLSEFDWRPFEARLNSFPQFTTEIEGLTIHFAALFSEREDAVPIALLHGWPGSFVEFYPILQLFREEYTPETLPFHLVVPSLPGYTFSSGPPLDKDFGLMDNARVVDQLMKDLGFGSGYIIQGGDIGSFVGRLLGVGFDACKAVHLNFCAMVAPPEGPSIESLSAAEKEGIARMEKFMTDGFAYAMEHSTRPSTIGHVLSSSPIALLAWIGEKYLQWVDKPLPSETILEMVSLYWLTESFPRAIHTYREFCPTASAPNGATMLQKELYIHKPFGFSFFPKDLCPVPRSWIATTGNLVFFRDHAEGGHFAALERPRELKTDLTAFVEQVWQK,102
MSAPFAKFPSSASISPNPFTVSIPDEQLDDLKTLVRLSKIAPPTYESLQADGRFGITSEWLTTMREKWLSEFDWRPFEARLNSFPQFTTEIEGLTIHFAALFSEREDAVPIALLHGWPGSFVEFYPILQLFREEYTPETLPFHLVVPSLPGYTFSSGPPLDKDFGLMDNARVVDQLMKDLGFGSGYIIQGGDIGSFVGRLLGVGFDACKAVHLNFCAMVAPPEGPSIESLSAAEKEGIARMEKFMTDGFAYAMEHSTRPSTIGHVLSSSPIALLAWIGEKYLQWVDKPLPSETILEMVSLYWLTESFPRAIHTYREFIPTASAPNGATMLQKELYIHKPFGFSFFPKDLCPVPRSWIATTGNLVFFRDHAEGGHFAALERPRELKTDLTAFVEQVWQK,63
MSAPFAKFPSSASISPNPFTVSIPDEQLDDLKTLVRLSKIAPPTYESLQADGRFGITSEWLTTMREKWLSEFDWRPFEARLNSFPQFTTEIEGLTIHFAALFSEREDAVPIALLHGWPGSFVEFYPILQLFREEYTPETLPFHLVVPSLPGYTFSSGPPLDKDFGLMDNARVVDQLMKDLGFGSGYIIQGGDIGSFVGRLLGVGFDACKAVHLNFCAMVAPPEGPSIESLSAAEKEGIARMEKFMTDGFAYAMEHSTRPSTIGHVLSSSPIALLAWIGEKYLQWVDKPLPSETILEMVSLYWLTESFPRAIHTYREVDPTASAPNGATMLQKELYIHKPFGFSFFPKDLCPVPRSWIATTGNLVFFRDHAEGGHFAALERPRELKTDLTAFVEQVWQK,67
MSAPFAKFPSSASISPNPFTVSIPDEQLDDLKTLVRLSKIAPPTYESLQADGRFGITSEWLTTMREKWLSEFDWRPFEARLNSFPQFTTEIEGLTIHFAALFSEREDAVPIALLHGWPGSFVEFYPILQLFREEYTPETLPFHLVVPSLPGYTFSSGPPLDKDFGLMDNARVVDQLMKDLGFGSGYIIQGGDIGSFVGRLLGVGFDACKAVHLNFCAMVAPPEGPSIESLSAAEKEGIARMEKFMTDGFAYAMEHSTRPSTIGHVLSSSPIALLAWIGEKYLQWVDKPLPSETILEMVSLYWLTESFPRAIHTYREIHPTASAPNGATMLQKELYIHKPFGFSFFPKDLCPVPRSWIATTGNLVFFRDHAEGGHFAALERPRELKTDLTAFVEQVWQK,83
MSAPFAKFPSSASISPNPFTVSIPDEQLDDLKTLVRLSKIAPPTYESLQADGRFGITSEWLTTMREKWLSEFDWRPFEARLNSFPQFTTEIEGLTIHFAALFSEREDAVPIALLHGWPGSFVEFYPILQLFREEYTPETLPFHLVVPSLPGYTFSSGPPLDKDFGLMDNARVVDQLMKDLGFGSGYIIQGGDIGSFVGRLLGVGFDACKAVHLNFCAMVAPPEGPSIESLSAAEKEGIARMEKFMTDGFAYAMEHSTRPSTIGHVLSSSPIALLAWIGEKYLQWVDKPLPSETILEMVSLYWLTESFPRAIHTYREINPTASAPNGATMLQKELYIHKPFGFSFFPKDLCPVPRSWIATTGNLVFFRDHAEGGHFAALERPRELKTDLTAFVEQVWQK,72
MSAPFAKFPSSASISPNPFTVSIPDEQLDDLKTLVRLSKIAPPTYESLQADGRFGITSEWLTTMREKWLSEFDWRPFEARLNSFPQFTTEIEGLTIHFAALFSEREDAVPIALLHGWPGSFVEFYPILQLFREEYTPETLPFHLVVPSLPGYTFSSGPPLDKDFGLMDNARVVDQLMKDLGFGSGYIIQGGDIGSFVGRLLGVGFDACKAVHLNFCAMVAPPEGPSIESLSAAEKEGIARMEKFMTDGFAYAMEHSTRPSTIGHVLSSSPIALLAWIGEKYLQWVDKPLPSETILEMVSLYWLTESFPRAIHTYREISPTASAPNGATMLQKELYIHKPFGFSFFPKDLCPVPRSWIATTGNLVFFRDHAEGGHFAALERPRELKTDLTAFVEQVWQK,79
MSAPFAKFPSSASISPNPFTVSIPDEQLDDLKTLVRLSKIAPPTYESLQADGRFGITSEWLTTMREKWLSEFDWRPFEARLNSFPQFTTEIEGLTIHFAALFSEREDAVPIALLHGWPGSFVEFYPILQLFREEYTPETLPFHLVVPSLPGYTFSSGPPLDKDFGLMDNARVVDQLMKDLGFGSGYIIQGGDIGSFVGRLLGVGFDACKAVHLNFCAMVAPPEGPSIESLSAAEKEGIARMEKFMTDGFAYAMEHSTRPSTIGHVLSSSPIALLAWIGEKYLQWVDKPLPSETILEMVSLYWLTESFPRAIHTYREIYPTASAPNGATMLQKELYIHKPFGFSFFPKDLCPVPRSWIATTGNLVFFRDHAEGGHFAALERPRELKTDLTAFVEQVWQK,81
MSAPFAKFPSSASISPNPFTVSIPDEQLDDLKTLVRLSKIAPPTYESLQADGRFGITSEWLTTMREKWLSEFDWRPFEARLNSFPQFTTEIEGLTIHFAALFSEREDAVPIALLHGWPGSFVEFYPILQLFREEYTPETLPFHLVVPSLPGYTFSSGPPLDKDFGLMDNARVVDQLMKDLGFGSGYIIQGGDIGSFVGRLLGVGFDACKAVHLNFCAMVAPPEGPSIESLSAAEKEGIARMEKFMTDGFAYAMEHSTRPSTIGHVLSSSPIALLAWIGEKYLQWVDKPLPSETILEMVSLYWLTESFPRAIHTYREIDPTASAPNGATMLQKELYIHKPFGFSFFPKDLCPVPRSWIATTGNLVFFRDHAEGGHFAALERPRELKTDLTAFVEQVWQK,69
MSAPFAKFPSSASISPNPFTVSIPDEQLDDLKTLVRLSKIAPPTYESLQADGRFGITSEWLTTMREKWLSEFDWRPFEARLNSFPQFTTEIEGLTIHFAALFSEREDAVPIALLHGWPGSFVEFYPILQLFREEYTPETLPFHLVVPSLPGYTFSSGPPLDKDFGLMDNARVVDQLMKDLGFGSGYIIQGGDIGSFVGRLLGVGFDACKAVHLNFCAMLAPPEGPSIESLSAAEKEGIARMEKFMTDGFAYAMEHSTRPSTIGHVLSSSPIALLAWIGEKYLQWVDKPLPSETILEMVSLYWLTESFPRAIHTYRETTPTASAPNGATMLQKELYIHKPFGFSFFPKDVHPVPRSWIATTGNLVFFRDHAEGGHFAALERPRELKTDLTAFVEQVWQK,40
MSAPFAKFPSSASISPNPFTVSIPDEQLDDLKTLVRLSKIAPPTYESLQADGRFGITSEWLTTMREKWLSEFDWRPFEARLNSFPQFTTEIEGLTIHFAALFSEREDAVPIALLHGWPGSFVEFYPILQLFREEYTPETLPFHLVVPSLPGYTFSSGPPLDKDFGLMDNARVVDQLMKDLGFGSGYIIQGGDIGSFVGRLLGVGFDACKAVHLNFCAMYAPPEGPSIESLSAAEKEGIARMEKFMTDGFAYAMEHSTRPSTIGHVLSSSPIALLAWIGEKYLQWVDKPLPSETILEMVSLYWLTESFPRAIHTYRETTPTASAPNGATMLQKELYIHKPFGFSFFPKDVHPVPRSWIATTGNLVFFRDHAEGGHFAALERPRELKTDLTAFVEQVWQK,36
MSAPFAKFPSSASISPNPFTVSIPDEQLDDLKTLVRLSKIAPPTYESLQADGRFGITSEWLTTMREKWLSEFDWRPFEARLNSFPQFTTEIEGLTIHFAALFSEREDAVPIALLHGWPGSFVEFYPILQLFREEYTPETLPFHLVVPSLPGYTFSSGPPLDKDFGLMDNARVVDQLMKDLGFGSGYIIQGGDIGSFVGRLLGVGFDACKAVHLNLCAMRAPPEGPSIESLSAAEKEGIARMEKFMTDGFAYAMEHSTRPSTIGHVLSSSPIALLAWIGEKYLQWVDKPLPSETILEMVSLYWLTESFPRAIHTYREVFPTASAPNGATMLQKELYIHKPFGFSFFPKDVHPVPRSWIATTGNLVFFRDHAEGGHFAALERPRELKTDLTAFVEQVWQK,21
MSAPFAKFPSSASISPNPFTVSIPDEQLDDLKTLVRLSKIAPPTYESLQADGRFGITSEWLTTMREKWLSEFDWRPFEARLNSFPQFTTEIEGLTIHFAALFSEREDAVPIALLHGWPGSFVEFYPILQLFREEYTPETLPFHLVVPSLPGYTFSSGPPLDKDFGLMDNARVVDQLMKDLGFGSGYIIQGGDIGSFVGRLLGVGFDACKAVHLNLCAMRAPPEGPSIESLSAAEKEGIARMEKFMTDGFAYAMEHSTRPSTIGHVLSSSPIALLAWIGEKYLQWVDKPLPSETILEMVSLYWLTESFPRAIHTYREIDPTASAPNGATMLQKELYIHKPFGFSFFPKDVHPVPRSWIATTGNLVFFRDHAEGGHFAALERPRELKTDLTAFVEQVWQK,25
MSAPFAKFPSSASISPNPFTVSIPDEQLDDLKTLVRLSKIAPPTYESLQADGRFGITSEWLTTMREKWLSEFDWRPFEARLNSFPQFTTEIEGLTIHFAALFSEREDAVPIALLHGWPGSFVEFYPILQLFREEYTPETLPFHLVVPSLPGYTFSSGPPLDKDFGLMDNARVVDQLMKDLGFGSGYIIQGGDIGSFVGRLLGVGFDACKAVHLNFCAMHAPPEGPSIESLSAAEKEGIARMEKFMTDGFAYAMEHSTRPSTIGHVLSSSPIALLAWIGEKYLQWVDKPLPSETILEMVSLYWLTESFPRAIHTYRECFPTASAPNGATMLQKELYIHKPFGFSFFPKDLCPVPRSWIATTGNLVFFRDHAEGGHFAALERPRELKTDLTAFVEQVWQK,51
MSAPFAKFPSSASISPNPFTVSIPDEQLDDLKTLVRLSKIAPPTYESLQADGRFGITSEWLTTMREKWLSEFDWRPFEARLNSFPQFTTEIEGLTIHFAALFSEREDAVPIALLHGWPGSFVEFYPILQLFREEYTPETLPFHLVVPSLPGYTFSSGPPLDKDFGLMDNARVVDQLMKDLGFGSGYIIQGGDIGSFVGRLLGVGFDACKAVHLNFCAMVAPPEGPSIESLSAAEKEGIARMEKFMTDGFAYAMEHSTRPSTIGHVLSSSPIALLAWIGEKYLQWVDKPLPSETILEMVSLYWLTESFPRAIHTYRECFPTASAPNGATMLQKELYIHKPFGFSFFPKDLCPVPRSWIATTGNLVFFRDHAEGGHFAALERPRELKTDLTAFVEQVWQK,55
MSAPFAKFPSSASISPNPFTVSIPDEQLDDLKTLVRLSKIAPPTYESLQADGRFGITSEWLTTMREKWLSEFDWRPFEARLNSFPQFTTEIEGLTIHFAALFSEREDAVPIALLHGWPGSFVEFYPILQLFREEYTPETLPFHLVVPSLPGYTFSSGPPLDKDFGLMDNARVVDQLMKDLGFGSGYIIQGGDIGSFVGRLLGVGFDACKAVHLNLCAMRAPPEGPSIESLSAAEKEGIARMEKFMTDGFAYAMEHSTRPSTIGHVLSSSPIALLAWIGEKYLQWVDKPLPSETILEMVSLYWLTESFPRAIHTYRECFPTASAPNGATMLQKELYIHKPFGFSFFPKDVHPVPRSWIATTGNLVFFRDHAEGGHFAALERPRELKTDLTAFVEQVWQK,25
MSAPFAKFPSSASISPNPFTVSIPDEQLDDLKTLVRLSKIAPPTYESLQADGRFGITSEWLTTMREKWLSEFDWRPFEARLNSFPQFTTEIEGLTIHFAALFSEREDAVPIALLHGWPGSFVEFYPILQLFREEYTPETLPFHLVVPSLPGYTFSSGPPLDKDFGLMDNARVVDQLMKDLGFGSGYIIQGGDIGSFVGRLLGVGFDACKAVHLNFCAMDAPPEGPSIESLSAAEKEGIARMEKIMTDGIAYAMEHSTRPSTIGHVLSSSPIALLAWIGEKYLQWVDKPLPSETILEMVSLYWLTESFPRAIHTYRECFPTASAPNGATMLQKELYIHKPFGFSFFPKDLVPVPRSWIATTGNLVFFRDHAEGGHFAALERPRELKTDLTAFVEQVWQK,69
MSAPFAKFPSSASISPNPFTVSIPDEQLDDLKTLVRLSKIAPPTYESLQADGRFGITSEWLTTMREKWLSEFDWRPFEARLNSFPQFTTEIEGLTIHFAALFSEREDAVPIALLHGWPGSFVEFYPILQLFREEYTPETLPFHLVVPSLPGYTFSSGPPLDKDFGLMDNARVVDQLMKDLGFGSGYIIQGGDIGSFVGRLLGVGFDACKAVHLNFCAMDAPPEGPSIESLSAAEKEGIARMEKCMTDGLAYAMEHSTRPSTIGHVLSSSPIALLAWIGEKYLQWVDKPLPSETILEMVSLYWLTESFPRAIHTYRECFPTASAPNGATMLQKELYIHKPFGFSFFPKDLVPVPRSWIATTGNLVFFRDHAEGGHFAALERPRELKTDLTAFVEQVWQK,76
MSAPFAKFPSSASISPNPFTVSIPDEQLDDLKTLVRLSKIAPPTYESLQADGRFGITSEWLTTMREKWLSEFDWRPFEARLNSFPQFTTEIEGLTIHFAALFSEREDAVPIALLHGWPGSFVEFYPILQLFREEYTPETLPFHLVVPSLPGYTFSSGPPLDKDFGLMDNARVVDQLMKDLGFGSGYIIQGGDIGSFVGRLLGVGFDACKAVHLNFCAMDAPPEGPSIESLSAAEKEGIARMEKIMTDGLAYAMEHSTRPSTIGHVLSSSPIALLAWIGEKYLQWVDKPLPSETILEMVSLYWLTESFPRAIHTYRECFPTASAPNGATMLQKELYIHKPFGFSFFPKDLVPVPRSWIATTGNLVFFRDHAEGGHFAALERPRELKTDLTAFVEQVWQK,71
MSAPFAKFPSSASISPNPFTVSIPDEQLDDLKTLVRLSKIAPPTYESLQADGRFGITSEWLTTMREKWLSEFDWRPFEARLNSFPQFTTEIEGLTIHFAALFSEREDAVPIALLHGWPGSFVEFYPILQLFREEYTPETLPFHLVVPSLPGYTFSSGPPLDKDFGLMDNARVVDQLMKDLGFGSGYIIQGGDIGSFVGRLLGVGFDACKAVHLNFCAMDAPPEGPSIESLSAAEKEGIARMEKFMTDGYAYAMEHSTRPSTIGHVLSSSPIALLAWIGEKYLQWVDKPLPSETILEMVSLYWLTESFPRAIHTYRESSPTASAPNGATMLQKELYIHKPFGFSFFPKDLVPVPRSWIATTGNLVFFRDHAEGGHFAALERPRELKTDLTAFVEQVWQK,51
MSAPFAKFPSSASISPNPFTVSIPDEQLDDLKTLVRLSKIAPPTYESLQADGRFGITSEWLTTMREKWLSEFDWRPFEARLNSFPQFTTEIEGLTIHFAALFSEREDAVPIALLHGWPGSFVEFYPILQLFREEYTPETLPFHLVVPSLPGYTFSSGPPLDKDFGLMDNARVVDQLMKDLGFGSGYIIQGGDIGSFVGRLLGVGFDACKAVHLNFCAMDAPPEGPSIESLSAAEKEGIARMEKFMTDGYAYAMEHSTRPSTIGHVLSSSPIALLAWIGEKYLQWVDKPLPSETILEMVSLYWLTESFPRAIHTYREFVPTASAPNGATMLQKELYIHKPFGFSFFPKDLVPVPRSWIATTGNLVFFRDHAEGGHFAALERPRELKTDLTAFVEQVWQK,40
MSAPFAKFPSSASISPNPFTVSIPDEQLDDLKTLVRLSKIAPPTYESLQADGRFGITSEWLTTMREKWLSEFDWRPFEARLNSFPQFTTEIEGLTIHFAALFSEREDAVPIALLHGWPGSFVEFYPILQLFREEYTPETLPFHLVVPSLPGYTFSSGPPLDKDFGLMDNARVVDQLMKDLGFGSGYIIQGGDIGSFVGRLLGVGFDACKAVHLNFCAMDAPPEGPSIESLSAAEKEGIARMEKIMTDGIAYAMEHSTRPSTIGHVLSSSPIALLAWIGEKYLQWVDKPLPSETILEMVSLYWLTESFPRAIHTYRECFPTASAPNGATMLQKELYIHKPFGFSFFPKDLIPVPRSWIATTGNLVFFRDHAEGGHFAALERPRELKTDLTAFVEQVWQK,63
MSAPFAKFPSSASISPNPFTVSIPDEQLDDLKTLVRLSKIAPPTYESLQADGRFGITSEWLTTMREKWLSEFDWRPFEARLNSFPQFTTEIEGLTIHFAALFSEREDAVPIALLHGWPGSFVEFYPILQLFREEYTPETLPFHLVVPSLPGYTFSSGPPLDKDFGLMDNARVVDQLMKDLGFGSGYIIQGGDIGSFVGRLLGVGFDACKAVHLNFCAMDAPPEGPSIESLSAAEKEGIARMEKVMTDGIAYAMEHSTRPSTIGHVLSSSPIALLAWIGEKYLQWVDKPLPSETILEMVSLYWLTESFPRAIHTYRECFPTASAPNGATMLQKELYIHKPFGFSFFPKDLIPVPRSWIATTGNLVFFRDHAEGGHFAALERPRELKTDLTAFVEQVWQK,77
MSAPFAKFPSSASISPNPFTVSIPDEQLDDLKTLVRLSKIAPPTYESLQADGRFGITSEWLTTMREKWLSEFDWRPFEARLNSFPQFTTEIEGLTIHFAALFSEREDAVPIALLHGWPGSFVEFYPILQLFREEYTPETLPFHLVVPSLPGYTFSSGPPLDKDFGLMDNARVVDQLMKDLGFGSGYIIQGGDIGSFVGRLLGVGFDACKAVHLNFCAMDAPPEGPSIESLSAAEKEGIARMEKFMTDGFAYAMEHSTRPSTIGHVLSSSPIALLAWIGEKYLQWVDKPLPSETILEMVSLYWLTESFPRAIHTYRECFPTASAPNGATMLQKELYIHKPFGFSFFPKDNIPVPRSWIATTGNLVFFRDHAEGGHFAALERPRELKTDLTAFVEQVWQK,57
MSAPFAKFPSSASISPNPFTVSIPDEQLDDLKTLVRLSKIAPPTYESLQADGRFGITSEWLTTMREKWLSEFDWRPFEARLNSFPQFTTEIEGLTIHFAALFSEREDAVPIALLHGWPGSFVEFYPILQLFREEYTPETLPFHLVVPSLPGYTFSSGPPLDKDFGLMDNARVVDQLMKDLGFGSGYIIQGGDIGSFVGRLLGVGFDACKAVHLNFCAMDAPPEGPSIESLSAAEKEGIARMEKFMTDGYAYAMEHSTRPSTIGHVLSSSPIALLAWIGEKYLQWVDKPLPSETILEMVSLYWLTESFPRAIHTYREVFPTASAPNGATMLQKELYIHKPFGFSFFPKDLVPVPRSWIATTGNLVFFRDHAEGGHFAALERPRELKTDLTAFVEQVWQK,56
MSAPFAKFPSSASISPNPFTVSIPDEQLDDLKTLVRLSKIAPPTYESLQADGRFGITSEWLTTMREKWLSEFDWRPFEARLNSFPQFTTEIEGLTIHFAALFSEREDAVPIALLHGWPGSFVEFYPILQLFREEYTPETLPFHLVVPSLPGYTFSSGPPLDKDFGLMDNARVVDQLMKDLGFGSGYIIQGGDIGSFVGRLLGVGFDACKAVHLNFCAMDAPPEGPSIESLSAAEKEGIARMEKFMTDGYAYAMEHSTRPSTIGHVLSSSPIALLAWIGEKYLQWVDKPLPSETILEMVSLYWLTESFPRAIHTYREFSPTASAPNGATMLQKELYIHKPFGFSFFPKDHCPVPRSWIATTGNLVFFRDHAEGGHFAALERPRELKTDLTAFVEQVWQK,90
MSAPFAKFPSSASISPNPFTVSIPDEQLDDLKTLVRLSKIAPPTYESLQADGRFGITSEWLTTMREKWLSEFDWRPFEARLNSFPQFTTEIEGLTIHFAALFSEREDAVPIALLHGWPGSFVEFYPILQLFREEYTPETLPFHLVVPSLPGYTFSSGPPLDKDFGLMDNARVVDQLMKDLGFGSGYIIQGGDIGSFVGRLLGVGFDACKAVHLNFCAMDAPPEGPSIESLSAAEKEGIARMEKIMTDGIAYAMEHSTRPSTIGHVLSSSPIALLAWIGEKYLQWVDKPLPSETILEMVSLYWLTESFPRAIHTYREIFPTASAPNGATMLQKELYIHKPFGFSFFPKDVHPVPRSWIATTGNLVFFRDHAEGGHFAALERPRELKTDLTAFVEQVWQK,98
MSAPFAKFPSSASISPNPFTVSIPDEQLDDLKTLVRLSKIAPPTYESLQADGRFGITSEWLTTMREKWLSEFDWRPFEARLNSFPQFTTEIEGLTIHFAALFSEREDAVPIALLHGWPGSFVEFYPILQLFREEYTPETLPFHLVVPSLPGYTFSSGPPLDKDFGLMDNARVVDQLMKDLGFGSGYIIQGGDIGSFVGRLLGVGFDACKAVHLNFCAMDAPPEGPSIESLSAAEKEGIARMEKVMTDGIAYAMEHSTRPSTIGHVLSSSPIALLAWIGEKYLQWVDKPLPSETILEMVSLYWLTESFPRAIHTYREIFPTASAPNGATMLQKELYIHKPFGFSFFPKDVHPVPRSWIATTGNLVFFRDHAEGGHFAALERPRELKTDLTAFVEQVWQK,111
MSAPFAKFPSSASISPNPFTVSIPDEQLDDLKTLVRLSKIAPPTYESLQADGRFGITSEWLTTMREKWLSEFDWRPFEARLNSFPQFTTEIEGLTIHFAALFSEREDAVPIALLHGWPGSFVEFYPILQLFREEYTPETLPFHLVVPSLPGYTFSSGPPLDKDFGLMDNARVVDQLMKDLGFGSGYIIQGGDIGSFVGRLLGVGFDACKAVHLNFCAMDAPPEGPSIESLSAAEKEGIARMEKVMTDGVAYAMEHSTRPSTIGHVLSSSPIALLAWIGEKYLQWVDKPLPSETILEMVSLYWLTESFPRAIHTYREIFPTASAPNGATMLQKELYIHKPFGFSFFPKDVHPVPRSWIATTGNLVFFRDHAEGGHFAALERPRELKTDLTAFVEQVWQK,119
MSAPFAKFPSSASISPNPFTVSIPDEQLDDLKTLVRLSKIAPPTYESLQADGRFGITSEWLTTMREKWLSEFDWRPFEARLNSFPQFTTEIEGLTIHFAALFSEREDAVPIALLHGWPGSFVEFYPILQLFREEYTPETLPFHLVVPSLPGYTFSSGPPLDKDFGLMDNARVVDQLMKDLGFGSGYIIQGGDIGSFVGRLLGVGFDACKAVHLNFCAMDAPPEGPSIESLSAAEKEGIARMEKFMTDGFAYAMEHSTRPSTIGHVLSSSPIALLAWIGEKYLQWVDKPLPSETILEMVSLYWLTESFPRAIHTYREIFPTASAPNGATMLQKELYIHKPFGFSFFPKDVHPVPRSWIATTGNLVFFRDHAEGGHFAALERPRELKTDLTAFVEQVWQK,103
MSAPFAKFPSSASISPNPFTVSIPDEQLDDLKTLVRLSKIAPPTYESLQADGRFGITSEWLTTMREKWLSEFDWRPFEARLNSFPQFTTEIEGLTIHFAALFSEREDAVPIALLHGWPGSFVEFYPILQLFREEYTPETLPFHLVVPSLPGYTFSSGPPLDKDFGLMDNARVVDQLMKDLGFGSGYIIQGGDIGSFVGRLLGVGFDACKAVHLNFCAMDAPPEGPSIESLSAAEKEGIARMEKFMTDGYAYAMEHSTRPSTIGHVLSSSPIALLAWIGEKYLQWVDKPLPSETILEMVSLYWLTESFPRAIHTYREFVPTASAPNGATMLQKELYIHKPFGFSFFPKDVHPVPRSWIATTGNLVFFRDHAEGGHFAALERPRELKTDLTAFVEQVWQK,87.5
MSAPFAKFPSSASISPNPFTVSIPDEQLDDLKTLVRLSKIAPPTYESLQADGRFGITSEWLTTMREKWLSEFDWRPFEARLNSFPQFTTEIEGLTIHFAALFSEREDAVPIALLHGWPGSFVEFYPILQLFREEYTPETLPFHLVVPSLPGYTFSSGPPLDKDFGLMDNARVVDQLMKDLGFGSGYIIQGGDIGSFVGRLLGVGFDACKAVHLNFCAMDAPPEGPSIESLSAAEKEGIARMEKIMTDGIAYAMEHSTRPSTIGHVLSSSPIALLAWIGEKYLQWVDKPLPSETILEMVSLYWLTESFPRAIHTYRECFPTASAPNGATMLQKELYIHKPFGFSFFPKDVHPVPRSWIATTGNLVFFRDHAEGGHFAALERPRELKTDLTAFVEQVWQK,95
MSAPFAKFPSSASISPNPFTVSIPDEQLDDLKTLVRLSKIAPPTYESLQADGRFGITSEWLTTMREKWLSEFDWRPFEARLNSFPQFTTEIEGLTIHFAALFSEREDAVPIALLHGWPGSFVEFYPILQLFREEYTPETLPFHLVVPSLPGYTFSSGPPLDKDFGLMDNARVVDQLMKDLGFGSGYIIQGGDIGSFVGRLLGVGFDACKAVHLNFCAMDAPPEGPSIESLSAAEKEGIARMEKVMTDGIAYAMEHSTRPSTIGHVLSSSPIALLAWIGEKYLQWVDKPLPSETILEMVSLYWLTESFPRAIHTYRECFPTASAPNGATMLQKELYIHKPFGFSFFPKDVHPVPRSWIATTGNLVFFRDHAEGGHFAALERPRELKTDLTAFVEQVWQK,79
MSAPFAKFPSSASISPNPFTVSIPDEQLDDLKTLVRLSKIAPPTYESLQADGRFGITSEWLTTMREKWLSEFDWRPFEARLNSFPQFTTEIEGLTIHFAALFSEREDAVPIALLHGWPGSFVEFYPILQLFREEYTPETLPFHLVVPSLPGYTFSSGPPLDKDFGLMDNARVVDQLMKDLGFGSGYIIQGGDIGSFVGRLLGVGFDACKAVHLNLCAMFAPPEGPSIESLSAAEKEGIARMEKIMTDGIAYAMEHSTRPSTIGHVLSSSPIALLAWIGEKYLQWVDKPLPSETILEMVSLYWLTESFPRAIHTYRECFPTASAPNGATMLQKELYIHKPFGFSFFPKDVHPVPRSWIATTGNLVFFRDHAEGGHFAALERPRELKTDLTAFVEQVWQK,127
MSAPFAKFPSSASISPNPFTVSIPDEQLDDLKTLVRLSKIAPPTYESLQADGRFGITSEWLTTMREKWLSEFDWRPFEARLNSFPQFTTEIEGLTIHFAALFSEREDAVPIALLHGWPGSFVEFYPILQLFREEYTPETLPFHLVVPSLPGYTFSSGPPLDKDFGLMDNARVVDQLMKDLGFGSGYIIQGGDIGSFVGRLLGVGFDACKAVHLNLCAMIAPPEGPSIESLSAAEKEGIARMEKIMTDGIAYAMEHSTRPSTIGHVLSSSPIALLAWIGEKYLQWVDKPLPSETILEMVSLYWLTESFPRAIHTYRECFPTASAPNGATMLQKELYIHKPFGFSFFPKDVHPVPRSWIATTGNLVFFRDHAEGGHFAALERPRELKTDLTAFVEQVWQK,118
MSAPFAKFPSSASISPNPFTVSIPDEQLDDLKTLVRLSKIAPPTYESLQADGRFGITSEWLTTMREKWLSEFDWRPFEARLNSFPQFTTEIEGLTIHFAALFSEREDAVPIALLHGWPGSFVEFYPILQLFREEYTPETLPFHLVVPSLPGYTFSSGPPLDKDFGLMDNARVVDQLMKDLGFGSGYIIQGGDIGSFVGRLLGVGFDACKAVHLNLCAMNAPPEGPSIESLSAAEKEGIARMEKIMTDGIAYAMEHSTRPSTIGHVLSSSPIALLAWIGEKYLQWVDKPLPSETILEMVSLYWLTESFPRAIHTYRECFPTASAPNGATMLQKELYIHKPFGFSFFPKDVHPVPRSWIATTGNLVFFRDHAEGGHFAALERPRELKTDLTAFVEQVWQK,105
MSAPFAKFPSSASISPNPFTVSIPDEQLDDLKTLVRLSKIAPPTYESLQADGRFGITSEWLTTMREKWLSEFDWRPFEARLNSFPQFTTEIEGLTIHFAALFSEREDAVPIALLHGWPGSFVEFYPILQLFREEYTPETLPFHLVVPSLPGYTFSSGPPLDKDFGLMDNARVVDQLMKDLGFGSGYIIQGGDIGSFVGRLLGVGFDACKAVHLNLCAMVAPPEGPSIESLSAAEKEGIARMEKIMTDGIAYAMEHSTRPSTIGHVLSSSPIALLAWIGEKYLQWVDKPLPSETILEMVSLYWLTESFPRAIHTYRECFPTASAPNGATMLQKELYIHKPFGFSFFPKDVHPVPRSWIATTGNLVFFRDHAEGGHFAALERPRELKTDLTAFVEQVWQK,121
MSAPFAKFPSSASISPNPFTVSIPDEQLDDLKTLVRLSKIAPPTYESLQADGRFGITSEWLTTMREKWLSEFDWRPFEARLNSFPQFTTEIEGLTIHFAALFSEREDAVPIALLHGWPGSFVEFYPILQLFREEYTPETLPFHLVVPSLPGYTFSSGPPLDKDFGLMDNARVVDQLMKDLGFGSGYIIQGGDIGSFVGRLLGVGFDACKAVHLNLCAMCAPPEGPSIESLSAAEKEGIARMEKIMTDGIAYAMEHSTRPSTIGHVLSSSPIALLAWIGEKYLQWVDKPLPSETILEMVSLYWLTESFPRAIHTYRECFPTASAPNGATMLQKELYIHKPFGFSFFPKDVHPVPRSWIATTGNLVFFRDHAEGGHFAALERPRELKTDLTAFVEQVWQK,120
MSAPFAKFPSSASISPNPFTVSIPDEQLDDLKTLVRLSKIAPPTYESLQADGRFGITSEWLTTMREKWLSEFDWRPFEARLNSFPQFTTEIEGLTIHFAALFSEREDAVPIALLHGWPGSFVEFYPILQLFREEYTPETLPFHLVVPSLPGYTFSSGPPLDKDFGLMDNARVVDQLMKDLGFGSGYIIQGGDIGSFVGRLLGVGFDACKAVHLNLCAMHAPPEGPSIESLSAAEKEGIARMEKIMTDGIAYAMEHSTRPSTIGHVLSSSPIALLAWIGEKYLQWVDKPLPSETILEMVSLYWLTESFPRAIHTYRECFPTASAPNGATMLQKELYIHKPFGFSFFPKDVHPVPRSWIATTGNLVFFRDHAEGGHFAALERPRELKTDLTAFVEQVWQK,118
MSAPFAKFPSSASISPNPFTVSIPDEQLDDLKTLVRLSKIAPPTYESLQADGRFGITSEWLTTMREKWLSEFDWRPFEARLNSFPQFTTEIEGLTIHFAALFSEREDAVPIALLHGWPGSFVEFYPILQLFREEYTPETLPFHLVVPSLPGYTFSSGPPLDKDFGLMDNARVVDQLMKDLGFGSGYIIQGGDIGSFVGRLLGVGFDACKAVHLNLCAMGAPPEGPSIESLSAAEKEGIARMEKIMTDGIAYAMEHSTRPSTIGHVLSSSPIALLAWIGEKYLQWVDKPLPSETILEMVSLYWLTESFPRAIHTYRECFPTASAPNGATMLQKELYIHKPFGFSFFPKDVHPVPRSWIATTGNLVFFRDHAEGGHFAALERPRELKTDLTAFVEQVWQK,122
MSAPFAKFPSSASISPNPFTVSIPDEQLDDLKTLVRLSKIAPPTYESLQADGRFGITSEWLTTMREKWLSEFDWRPFEARLNSFPQFTTEIEGLTIHFAALFSEREDAVPIALLHGWPGSFVEFYPILQLFREEYTPETLPFHLVVPSLPGYTFSSGPPLDKDFGLMDNARVVDQLMKDLGFGSGYIIQGGDIGSFVGRLLGVGFDACKAVHLNFCAMDAPPEGPSIESLSAAEKEGIARMEKFMTDGYAYAMEHSTRPSTIGHVLSSSPIALLAWIGEKYLQWVDKPLPSETILEMVSLYWLTESFPRAIHTYREVFPTASAPNGATMLQKELYIHKPFGFSFFPKDVHPVPRSWIATTGNLVFFRDHAEGGHFAALERPRELKTDLTAFVEQVWQK,62
MSAPFAKFPSSASISPNPFTVSIPDEQLDDLKTLVRLSKIAPPTYESLQADGRFGITSEWLTTMREKWLSEFDWRPFEARLNSFPQFTTEIEGLTIHFAALFSEREDAVPIALLHGWPGSFVEFYPILQLFREEYTPETLPFHLVVPSLPGYTFSSGPPLDKDFGLMDNARVVDQLMKDLGFGSGYIIQGGDIGSFVGRLLGVGFDACKAVHLNFCAMDAPPEGPSIESLSAAEKEGIARMEKFMTDGYAYAMEHSTRPSTIGHVLSSSPIALLAWIGEKYLQWVDKPLPSETILEMVSLYWLTESFPRAIHTYREFGPTASAPNGATMLQKELYIHKPFGFSFFPKDVHPVPRSWIATTGNLVFFRDHAEGGHFAALERPRELKTDLTAFVEQVWQK,92
MSAPFAKFPSSASISPNPFTVSIPDEQLDDLKTLVRLSKIAPPTYESLQADGRFGITSEWLTTMREKWLSEFDWRPFEARLNSFPQFTTEIEGLTIHFAALFSEREDAVPIALLHGWPGSFVEFYPILQLFREEYTPETLPFHLVVPSLPGYTFSSGPPLDKDFGLMDNARVVDQLMKDLGFGSGYIIQGGDIGSFVGRLLGVGFDACKAVHLNFCAMDAPPEGPSIESLSAAEKEGIARMEKFMTDGYAYAMEHSTRPSTIGHVLSSSPIALLAWIGEKYLQWVDKPLPSETILEMVSLYWLTESFPRAIHTYREIFPTASAPNGATMLQKELYIHKPFGFSFFPKDVHPVPRSWIATTGNLVFFRDHAEGGHFAALERPRELKTDLTAFVEQVWQK,64
MSAPFAKFPSSASISPNPFTVSIPDEQLDDLKTLVRLSKIAPPTYESLQADGRFGITSEWLTTMREKWLSEFDWRPFEARLNSFPQFTTEIEGLTIHFAALFSEREDAVPIALLHGWPGSFVEFYPILQLFREEYTPETLPFHLVVPSLPGYTFSSGPPLDKDFGLMDNARVVDQLMKDLGFGSGYIIQGGDIGSFVGRLLGVGFDACKAVHLNFCAMDAPPEGPSIESLSAAEKEGIARMEKFMTDGYAYAMEHSTRPSTIGHVLSSSPIALLAWIGEKYLQWVDKPLPSETILEMVSLYWLTESFPRAIHTYREFSPTASAPNGATMLQKELYIHKPFGFSFFPKDVHPVPRSWIATTGNLVFFRDHAEGGHFAALERPRELKTDLTAFVEQVWQK,63
MSAPFAKFPSSASISPNPFTVSIPDEQLDDLKTLVRLSKIAPPTYESLQADGRFGITSEWLTTMREKWLSEFDWRPFEARLNSFPQFTTEIEGLTIHFAALFSEREDAVPIALLHGWPGSFVEFYPILQLFREEYTPETLPFHLVVPSLPGYTFSSGPPLDKDFGLMDNARVVDQLMKDLGFGSGYIIQGGDIGSFVGRLLGVGFDACKAVHLNFCAMGAPPEGPSIESLSAAEKEGIARMEKFMTDGYAYAMEHSTRPSTIGHVLSSSPIALLAWIGEKYLQWVDKPLPSETILEMVSLYWLTESFPRAIHTYREVFPTASAPNGATMLQKELYIHKPFGFSFFPKDVHPVPRSWIATTGNLVFFRDHAEGGHFAALERPRELKTDLTAFVEQVWQK,49
MSAPFAKFPSSASISPNPFTVSIPDEQLDDLKTLVRLSKIAPPTYESLQADGRFGITSEWLTTMREKWLSEFDWRPFEARLNSFPQFTTEIEGLTIHFAALFSEREDAVPIALLHGWPGSFVEFYPILQLFREEYTPETLPFHLVVPSLPGYTFSSGPPLDKDFGLMDNARVVDQLMKDLGFGSGYIIQGGDIGSFVGRLLGVGFDACKAVHLNFCAMHAPPEGPSIESLSAAEKEGIARMEKFMTDGYAYAMEHSTRPSTIGHVLSSSPIALLAWIGEKYLQWVDKPLPSETILEMVSLYWLTESFPRAIHTYREVFPTASAPNGATMLQKELYIHKPFGFSFFPKDVHPVPRSWIATTGNLVFFRDHAEGGHFAALERPRELKTDLTAFVEQVWQK,51
MSAPFAKFPSSASISPNPFTVSIPDEQLDDLKTLVRLSKIAPPTYESLQADGRFGITSEWLTTMREKWLSEFDWRPFEARLNSFPQFTTEIEGLTIHFAALFSEREDAVPIALLHGWPGSFVEFYPILQLFREEYTPETLPFHLVVPSLPGYTFSSGPPLDKDFGLMDNARVVDQLMKDLGFGSGYIIQGGDIGSFVGRLLGVGFDACKAVHLNFCAMNAPPEGPSIESLSAAEKEGIARMEKFMTDGYAYAMEHSTRPSTIGHVLSSSPIALLAWIGEKYLQWVDKPLPSETILEMVSLYWLTESFPRAIHTYREVFPTASAPNGATMLQKELYIHKPFGFSFFPKDVHPVPRSWIATTGNLVFFRDHAEGGHFAALERPRELKTDLTAFVEQVWQK,57
MSAPFAKFPSSASISPNPFTVSIPDEQLDDLKTLVRLSKIAPPTYESLQADGRFGITSEWLTTMREKWLSEFDWRPFEARLNSFPQFTTEIEGLTIHFAALFSEREDAVPIALLHGWPGSFVEFYPILQLFREEYTPETLPFHLVVPSLPGYTFSSGPPLDKDFGLMDNARVVDQLMKDLGFGSGYIIQGGDIGSFVGRLLGVGFDACKAVHLNFCAMCAPPEGPSIESLSAAEKEGIARMEKNMTDGYAYAMEHSTRPSTIGHVLSSSPIALLAWIGEKYLQWVDKPLPSETILEMVSLYWLTESFPRAIHTYREFSPTASAPNGATMLQKELYIHKPFGFSFFPKDLVPVPRSWIATTGNLVFFRDHAEGGHFAALERPRELKTDLTAFVEQVWQK,32
MSAPFAKFPSSASISPNPFTVSIPDEQLDDLKTLVRLSKIAPPTYESLQADGRFGITSEWLTTMREKWLSEFDWRPFEARLNSFPQFTTEIEGLTIHFAALFSEREDAVPIALLHGWPGSFVEFYPILQLFREEYTPETLPFHLVVPSLPGYTFSSGPPLDKDFGLMDNARVVDQLMKDLGFGSGYIIQGGDIGSFVGRLLGVGFDACKAVHLNFCAMCAPPEGPSIESLSAAEKEGIARMEKNMTDGFAYAMEHSTRPSTIGHVLSSSPIALLAWIGEKYLQWVDKPLPSETILEMVSLYWLTESFPRAIHTYREFSPTASAPNGATMLQKELYIHKPFGFSFFPKDLVPVPRSWIATTGNLVFFRDHAEGGHFAALERPRELKTDLTAFVEQVWQK,48
MSAPFAKFPSSASISPNPFTVSIPDEQLDDLKTLVRLSKIAPPTYESLQADGRFGITSEWLTTMREKWLSEFDWRPFEARLNSFPQFTTEIEGLTIHFAALFSEREDAVPIALLHGWPGSFVEFYPILQLFREEYTPETLPFHLVVPSLPGYTFSSGPPLDKDFGLMDNARVVDQLMKDLGFGSGYIIQGGDIGSFVGRLLGVGFDACKAVHLNFCAMCAPPEGPSIESLSAAEKEGIARMEKVMTDGFAYAMEHSTRPSTIGHVLSSSPIALLAWIGEKYLQWVDKPLPSETILEMVSLYWLTESFPRAIHTYREFSPTASAPNGATMLQKELYIHKPFGFSFFPKDLVPVPRSWIATTGNLVFFRDHAEGGHFAALERPRELKTDLTAFVEQVWQK,97
MSAPFAKFPSSASISPNPFTVSIPDEQLDDLKTLVRLSKIAPPTYESLQADGRFGITSEWLTTMREKWLSEFDWRPFEARLNSFPQFTTEIEGLTIHFAALFSEREDAVPIALLHGWPGSFVEFYPILQLFREEYTPETLPFHLVVPSLPGYTFSSGPPLDKDFGLMDNARVVDQLMKDLGFGSGYIIQGGDIGSFVGRLLGVGFDACKAVHLNFCAMCAPPEGPSIESLSAAEKEGIARMEKHMTDGFAYAMEHSTRPSTIGHVLSSSPIALLAWIGEKYLQWVDKPLPSETILEMVSLYWLTESFPRAIHTYREFSPTASAPNGATMLQKELYIHKPFGFSFFPKDLVPVPRSWIATTGNLVFFRDHAEGGHFAALERPRELKTDLTAFVEQVWQK,50
MSAPFAKFPSSASISPNPFTVSIPDEQLDDLKTLVRLSKIAPPTYESLQADGRFGITSEWLTTMREKWLSEFDWRPFEARLNSFPQFTTEIEGLTIHFAALFSEREDAVPIALLHGWPGSFVEFYPILQLFREEYTPETLPFHLVVPSLPGYTFSSGPPLDKDFGLMDNARVVDQLMKDLGFGSGYIIQGGDIGSFVGRLLGVGFDACKAVHLNFCAMCAPPEGPSIESLSAAEKEGIARMEKFMTDGFAYAMEHSTRPSTIGHVLSSSPIALLAWIGEKYLQWVDKPLPSETILEMVSLYWLTESFPRAIHTYREFSPTASAPNGATMLQKELYIHKPFGFSFFPKDLVPVPRSWIATTGNLVFFRDHAEGGHFAALERPRELKTDLTAFVEQVWQK,52
MSAPFAKFPSSASISPNPFTVSIPDEQLDDLKTLVRLSKIAPPTYESLQADGRFGITSEWLTTMREKWLSEFDWRPFEARLNSFPQFTTEIEGLTIHFAALFSEREDAVPIALLHGWPGSFVEFYPILQLFREEYTPETLPFHLVVPSLPGYTFSSGPPLDKDFGLMDNARVVDQLMKDLGFGSGYIIQGGDIGSFVGRLLGVGFDACKAVHLNFCAMCAPPEGPSIESLSAAEKEGIARMEKIMTDGFAYAMEHSTRPSTIGHVLSSSPIALLAWIGEKYLQWVDKPLPSETILEMVSLYWLTESFPRAIHTYREFSPTASAPNGATMLQKELYIHKPFGFSFFPKDVCPVPRSWIATTGNLVFFRDHAEGGHFAALERPRELKTDLTAFVEQVWQK,86
MSAPFAKFPSSASISPNPFTVSIPDEQLDDLKTLVRLSKIAPPTYESLQADGRFGITSEWLTTMREKWLSEFDWRPFEARLNSFPQFTTEIEGLTIHFAALFSEREDAVPIALLHGWPGSFVEFYPILQLFREEYTPETLPFHLVVPSLPGYTFSSGPPLDKDFGLMDNARVVDQLMKDLGFGSGYIIQGGDIGSFVGRLLGVGFDACKAVHLNFCAMRAPPEGPSIESLSAAEKEGIARMEKFMTDGFAYAMEHSTRPSTIGHVLSSSPIALLAWIGEKYLQWVDKPLPSETILEMVSLYWLTESFPRAIHTYREFSPTASAPNGATMLQKELYIHKPFGFSFFPKDCSPVPRSWIATTGNLVFFRDHAEGGHFAALERPRELKTDLTAFVEQVWQK,120
MSAPFAKFPSSASISPNPFTVSIPDEQLDDLKTLVRLSKIAPPTYESLQADGRFGITSEWLTTMREKWLSEFDWRPFEARLNSFPQFTTEIEGLTIHFAALFSEREDAVPIALLHGWPGSFVEFYPILQLFREEYTPETLPFHLVVPSLPGYTFSSGPPLDKDFGLMDNARVVDQLMKDLGFGSGYIIQGGDIGSFVGRLLGVGFDACKAVHLNFCAMRAPPEGPSIESLSAAEKEGIARMEKHMTDGFAYAMEHSTRPSTIGHVLSSSPIALLAWIGEKYLQWVDKPLPSETILEMVSLYWLTESFPRAIHTYREFSPTASAPNGATMLQKELYIHKPFGFSFFPKDCSPVPRSWIATTGNLVFFRDHAEGGHFAALERPRELKTDLTAFVEQVWQK,110
MSAPFAKFPSSASISPNPFTVSIPDEQLDDLKTLVRLSKIAPPTYESLQADGRFGITSEWLTTMREKWLSEFDWRPFEARLNSFPQFTTEIEGLTIHFAALFSEREDAVPIALLHGWPGSFVEFYPILQLFREEYTPETLPFHLVVPSLPGYTFSSGPPLDKDFGLMDNARVVDQLMKDLGFGSGYIIQGGDIGSFVGRLLGVGFDACKAVHLNLCAMVAPPEGPSIESLSAAEKEGIARMEKFMTDGLAYAMEHSTRPSTIGHVLSSSPIALLAWIGEKYLQWVDKPLPSETILEMVSLYWLTESFPRAIHTYREFSPTASAPNGATMLQKELYIHKPFGFSFFPKDCSPVPRSWIATTGNLVFFRDHAEGGHFAALERPRELKTDLTAFVEQVWQK,24
MSAPFAKFPSSASISPNPFTVSIPDEQLDDLKTLVRLSKIAPPTYESLQADGRFGITSEWLTTMREKWLSEFDWRPFEARLNSFPQFTTEIEGLTIHFAALFSEREDAVPIALLHGWPGSFVEFYPILQLFREEYTPETLPFHLVVPSLPGYTFSSGPPLDKDFGLMDNARVVDQLMKDLGFGSGYIIQGGDIGSFVGRLLGVGFDACKAVHLNFCAMCAPPEGPSIESLSAAEKEGIARMEKFMTDGLAYAMEHSTRPSTIGHVLSSSPIALLAWIGEKYLQWVDKPLPSETILEMVSLYWLTESFPRAIHTYREFSPTASAPNGATMLQKELYIHKPFGFSFFPKDCSPVPRSWIATTGNLVFFRDHAEGGHFAALERPRELKTDLTAFVEQVWQK,28
MSAPFAKFPSSASISPNPFTVSIPDEQLDDLKTLVRLSKIAPPTYESLQADGRFGITSEWLTTMREKWLSEFDWRPFEARLNSFPQFTTEIEGLTIHFAALFSEREDAVPIALLHGWPGSFVEFYPILQLFREEYTPETLPFHLVVPSLPGYTFSSGPPLDKDFGLMDNARVVDQLMKDLGFGSGYIIQGGDIGSFVGRLLGVGFDACKAVHLNFCAMRAPPEGPSIESLSAAEKEGIARMEKFMTDGVAYAMEHSTRPSTIGHVLSSSPIALLAWIGEKYLQWVDKPLPSETILEMVSLYWLTESFPRAIHTYREFSPTASAPNGATMLQKELYIHKPFGFSFFPKDLNPVPRSWIATTGNLVFFRDHAEGGHFAALERPRELKTDLTAFVEQVWQK,32
MSAPFAKFPSSASISPNPFTVSIPDEQLDDLKTLVRLSKIAPPTYESLQADGRFGITSEWLTTMREKWLSEFDWRPFEARLNSFPQFTTEIEGLTIHFAALFSEREDAVPIALLHGWPGSFVEFYPILQLFREEYTPETLPFHLVVPSLPGYTFSSGPPLDKDFGLMDNARVVDQLMKDLGFGSGYIIQGGDIGSFVGRLLGVGFDACKAVHLNFCAMRAPPEGPSIESLSAAEKEGIARMEKFMTDGVAYAMEHSTRPSTIGHVLSSSPIALLAWIGEKYLQWVDKPLPSETILEMVSLYWLTESFPRAIHTYREFSPTASAPNGATMLQKELYIHKPFGFSFFPKDLVPVPRSWIATTGNLVFFRDHAEGGHFAALERPRELKTDLTAFVEQVWQK,25
MSAPFAKFPSSASISPNPFTVSIPDEQLDDLKTLVRLSKIAPPTYESLQADGRFGITSEWLTTMREKWLSEFDWRPFEARLNSFPQFTTEIEGLTIHFAALFSEREDAVPIALLHGWPGSFVEFYPILQLFREEYTPETLPFHLVVPSLPGYTFSSGPPLDKDFGLMDNARVVDQLMKDLGFGSGYIIQGGDIGSFVGRLLGVGFDACKAVHLNFCAMRAPPEGPSIESLSAAEKEGIARMEKFMTDGVAYAMEHSTRPSTIGHVLSSSPIALLAWIGEKYLQWVDKPLPSETILEMVSLYWLTESFPRAIHTYREFSPTASAPNGATMLQKELYIHKPFGFSFFPKDLSPVPRSWIATTGNLVFFRDHAEGGHFAALERPRELKTDLTAFVEQVWQK,30
MSAPFAKFPSSASISPNPFTVSIPDEQLDDLKTLVRLSKIAPPTYESLQADGRFGITSEWLTTMREKWLSEFDWRPFEARLNSFPQFTTEIEGLTIHFAALFSEREDAVPIALLHGWPGSFVEFYPILQLFREEYTPETLPFHLVVPSLPGYTFSSGPPLDKDFGLMDNARVVDQLMKDLGFGSGYIIQGGDIGSFVGRLLGVGFDACKAVHLNFCAMVAPPEGPSIESLSAAEKEGIARMEKFMTDGFAYAMEHSTRPSTIGHVLSSSPIALLAWIGEKYLQWVDKPLPSETILEMVSLYWLTESFPRAIHTYREVVPTASAPNGATMLQKELYIHKPFGFSFFPKDLVPVPRSWIATTGNLVFFRDHAEGGHFAALERPRELKTDLTAFVEQVWQK,100
MSAPFAKFPSSASISPNPFTVSIPDEQLDDLKTLVRLSKIAPPTYESLQADGRFGITSEWLTTMREKWLSEFDWRPFEARLNSFPQFTTEIEGLTIHFAALFSEREDAVPIALLHGWPGSFVEFYPILQLFREEYTPETLPFHLVVPSLPGYTFSSGPPLDKDFGLMDNARVVDQLMKDLGFGSGYIIQGGDIGSFVGRLLGVGFDACKAVHLNFCAMVAPPEGPSIESLSAAEKEGIARMEKFMTDGFAYAMEHSTRPSTIGHVLSSSPIALLAWIGEKYLQWVDKPLPSETILEMVSLYWLTESFPRAIHTYREIHPTASAPNGATMLQKELYIHKPFGFSFFPKDLVPVPRSWIATTGNLVFFRDHAEGGHFAALERPRELKTDLTAFVEQVWQK,94
MSAPFAKFPSSASISPNPFTVSIPDEQLDDLKTLVRLSKIAPPTYESLQADGRFGITSEWLTTMREKWLSEFDWRPFEARLNSFPQFTTEIEGLTIHFAALFSEREDAVPIALLHGWPGSFVEFYPILQLFREEYTPETLPFHLVVPSLPGYTFSSGPPLDKDFGLMDNARVVDQLMKDLGFGSGYIIQGGDIGSFVGRLLGVGFDACKAVHLNFCAMVAPPEGPSIESLSAAEKEGIARMEKFMTDGFAYAMEHSTRPSTIGHVLSSSPIALLAWIGEKYLQWVDKPLPSETILEMVSLYWLTESFPRAIHTYREVNPTASAPNGATMLQKELYIHKPFGFSFFPKDLVPVPRSWIATTGNLVFFRDHAEGGHFAALERPRELKTDLTAFVEQVWQK,70
MSAPFAKFPSSASISPNPFTVSIPDEQLDDLKTLVRLSKIAPPTYESLQADGRFGITSEWLTTMREKWLSEFDWRPFEARLNSFPQFTTEIEGLTIHFAALFSEREDAVPIALLHGWPGSFVEFYPILQLFREEYTPETLPFHLVVPSLPGYTFSSGPPLDKDFGLMDNARVVDQLMKDLGFGSGYIIQGGDIGSFVGRLLGVGFDACKAVHLNFCAMVAPPEGPSIESLSAAEKEGIARMEKFMTDGFAYAMEHSTRPSTIGHVLSSSPIALLAWIGEKYLQWVDKPLPSETILEMVSLYWLTESFPRAIHTYREVHPTASAPNGATMLQKELYIHKPFGFSFFPKDLVPVPRSWIATTGNLVFFRDHAEGGHFAALERPRELKTDLTAFVEQVWQK,74
MSAPFAKFPSSASISPNPFTVSIPDEQLDDLKTLVRLSKIAPPTYESLQADGRFGITSEWLTTMREKWLSEFDWRPFEARLNSFPQFTTEIEGLTIHFAALFSEREDAVPIALLHGWPGSFVEFYPILQLFREEYTPETLPFHLVVPSLPGYTFSSGPPLDKDFGLMDNARVVDQLMKDLGFGSGYIIQGGDIGSFVGRLLGVGFDACKAVHLNFCAMVAPPEGPSIESLSAAEKEGIARMEKFMTDGFAYAMEHSTRPSTIGHVLSSSPIALLAWIGEKYLQWVDKPLPSETILEMVSLYWLTESFPRAIHTYREFCPTASAPNGATMLQKELYIHKPFGFSFFPKDDYPVPRSWIATTGNLVFFRDHAEGGHFAALERPRELKTDLTAFVEQVWQK,158
MSAPFAKFPSSASISPNPFTVSIPDEQLDDLKTLVRLSKIAPPTYESLQADGRFGITSEWLTTMREKWLSEFDWRPFEARLNSFPQFTTEIEGLTIHFAALFSEREDAVPIALLHGWPGSFVEFYPILQLFREEYTPETLPFHLVVPSLPGYTFSSGPPLDKDFGLMDNARVVDQLMKDLGFGSGYIIQGGDIGSFVGRLLGVGFDACKAVHLNFCAMVAPPEGPSIESLSAAEKEGIARMEKFMTDGFAYAMEHSTRPSTIGHVLSSSPIALLAWIGEKYLQWVDKPLPSETILEMVSLYWLTESFPRAIHTYREFCPTASAPNGATMLQKELYIHKPFGFSFFPKDVHPVPRSWIATTGNLVFFRDHAEGGHFAALERPRELKTDLTAFVEQVWQK,108
MSAPFAKFPSSASISPNPFTVSIPDEQLDDLKTLVRLSKIAPPTYESLQADGRFGITSEWLTTMREKWLSEFDWRPFEARLNSFPQFTTEIEGLTIHFAALFSEREDAVPIALLHGWPGSFVEFYPILQLFREEYTPETLPFHLVVPSLPGYTFSSGPPLDKDFGLMDNARVVDQLMKDLGFGSGYIIQGGDIGSFVGRLLGVGFDACKAVHLNFCAMLAPPEGPSIESLSAAEKEGIARMEKFMTDGFAYAMEHSTRPSTIGHVLSSSPIALLAWIGEKYLQWVDKPLPSETILEMVSLYWLTESFPRAIHTYREFCPTASAPNGATMLQKELYIHKPFGFSFFPKDVHPVPRSWIATTGNLVFFRDHAEGGHFAALERPRELKTDLTAFVEQVWQK,101
MSAPFAKFPSSASISPNPFTVSIPDEQLDDLKTLVRLSKIAPPTYESLQADGRFGITSEWLTTMREKWLSEFDWRPFEARLNSFPQFTTEIEGLTIHFAALFSEREDAVPIALLHGWPGSFVEFYPILQLFREEYTPETLPFHLVVPSLPGYTFSSGPPLDKDFGLMDNARVVDQLMKDLGFGSGYIIQGGDIGSFVGRLLGVGFDACKAVHLNFCAMLAPPEGPSIESLSAAEKEGIARMEKFMTDGFAYAMEHSTRPSTIGHVLSSSPIALLAWIGEKYLQWVDKPLPSETILEMVSLYWLTESFPRAIHTYREFVPTASAPNGATMLQKELYIHKPFGFSFFPKDVHPVPRSWIATTGNLVFFRDHAEGGHFAALERPRELKTDLTAFVEQVWQK,81
MSAPFAKFPSSASISPNPFTVSIPDEQLDDLKTLVRLSKIAPPTYESLQADGRFGITSEWLTTMREKWLSEFDWRPFEARLNSFPQFTTEIEGLTIHFAALFSEREDAVPIALLHGWPGSFVEFYPILQLFREEYTPETLPFHLVVPSLPGYTFSSGPPLDKDFGLMDNARVVDQLMKDLGFGSGYIIQGGDIGSFVGRLLGVGFDACKAVHLNFCAMLAPPEGPSIESLSAAEKEGIARMEKFMTDGFAYAMEHSTRPSTIGHVLSSSPIALLAWIGEKYLQWVDKPLPSETILEMVSLYWLTESFPRAIHTYREFIPTASAPNGATMLQKELYIHKPFGFSFFPKDVHPVPRSWIATTGNLVFFRDHAEGGHFAALERPRELKTDLTAFVEQVWQK,66
MSAPFAKFPSSASISPNPFTVSIPDEQLDDLKTLVRLSKIAPPTYESLQADGRFGITSEWLTTMREKWLSEFDWRPFEARLNSFPQFTTEIEGLTIHFAALFSEREDAVPIALLHGWPGSFVEFYPILQLFREEYTPETLPFHLVVPSLPGYTFSSGPPLDKDFGLMDNARVVDQLMKDLGFGSGYIIQGGDIGSFVGRLLGVGFDACKAVHLNFCAMLAPPEGPSIESLSAAEKEGIARMEKFMTDGFAYAMEHSTRPSTIGHVLSSSPIALLAWIGEKYLQWVDKPLPSETILEMVSLYWLTESFPRAIHTYREISPTASAPNGATMLQKELYIHKPFGFSFFPKDVHPVPRSWIATTGNLVFFRDHAEGGHFAALERPRELKTDLTAFVEQVWQK,80
MSAPFAKFPSSASISPNPFTVSIPDEQLDDLKTLVRLSKIAPPTYESLQADGRFGITSEWLTTMREKWLSEFDWRPFEARLNSFPQFTTEIEGLTIHFAALFSEREDAVPIALLHGWPGSFVEFYPILQLFREEYTPETLPFHLVVPSLPGYTFSSGPPLDKDFGLMDNARVVDQLMKDLGFGSGYIIQGGDIGSFVGRLLGVGFDACKAVHLNFCAMLAPPEGPSIESLSAAEKEGIARMEKFMTDGFAYAMEHSTRPSTIGHVLSSSPIALLAWIGEKYLQWVDKPLPSETILEMVSLYWLTESFPRAIHTYREFGPTASAPNGATMLQKELYIHKPFGFSFFPKDVHPVPRSWIATTGNLVFFRDHAEGGHFAALERPRELKTDLTAFVEQVWQK,84
MSAPFAKFPSSASISPNPFTVSIPDEQLDDLKTLVRLSKIAPPTYESLQADGRFGITSEWLTTMREKWLSEFDWRPFEARLNSFPQFTTEIEGLTIHFAALFSEREDAVPIALLHGWPGSFVEFYPILQLFREEYTPETLPFHLVVPSLPGYTFSSGPPLDKDFGLMDNARVVDQLMKDLGFGSGYIIQGGDIGSFVGRLLGVGFDACKAVHLNFCAMLAPPEGPSIESLSAAEKEGIARMEKFMTDGFAYAMEHSTRPSTIGHVLSSSPIALLAWIGEKYLQWVDKPLPSETILEMVSLYWLTESFPRAIHTYREINPTASAPNGATMLQKELYIHKPFGFSFFPKDVHPVPRSWIATTGNLVFFRDHAEGGHFAALERPRELKTDLTAFVEQVWQK,66
MSAPFAKFPSSASISPNPFTVSIPDEQLDDLKTLVRLSKIAPPTYESLQADGRFGITSEWLTTMREKWLSEFDWRPFEARLNSFPQFTTEIEGLTIHFAALFSEREDAVPIALLHGWPGSFVEFYPILQLFREEYTPETLPFHLVVPSLPGYTFSSGPPLDKDFGLMDNARVVDQLMKDLGFGSGYIIQGGDIGSFVGRLLGVGFDACKAVHLNFCAMNAPPEGPSIESLSAAEKEGIARMEKFMTDGFAYAMEHSTRPSTIGHVLSSSPIALLAWIGEKYLQWVDKPLPSETILEMVSLYWLTESFPRAIHTYREVFPTASAPNGATMLQKELYIHKPFGFSFFPKDVHPVPRSWIATTGNLVFFRDHAEGGHFAALERPRELKTDLTAFVEQVWQK,69
MSAPFAKFPSSASISPNPFTVSIPDEQLDDLKTLVRLSKIAPPTYESLQADGRFGITSEWLTTMREKWLSEFDWRPFEARLNSFPQFTTEIEGLTIHFAALFSEREDAVPIALLHGWPGSFVEFYPILQLFREEYTPETLPFHLVVPSLPGYTFSSGPPLDKDFGLMDNARVVDQLMKDLGFGSGYIIQGGDIGSFVGRLLGVGFDACKAVHLNFCAMLAPPEGPSIESLSAAEKEGIARMEKFMTDGFAYAMEHSTRPSTIGHVLSSSPIALLAWIGEKYLQWVDKPLPSETILEMVSLYWLTESFPRAIHTYREVFPTASAPNGATMLQKELYIHKPFGFSFFPKDVHPVPRSWIATTGNLVFFRDHAEGGHFAALERPRELKTDLTAFVEQVWQK,75
MSAPFAKFPSSASISPNPFTVSIPDEQLDDLKTLVRLSKIAPPTYESLQADGRFGITSEWLTTMREKWLSEFDWRPFEARLNSFPQFTTEIEGLTIHFAALFSEREDAVPIALLHGWPGSFVEFYPILQLFREEYTPETLPFHLVVPSLPGYTFSSGPPLDKDFGLMDNARVVDQLMKDLGFGSGYIIQGGDIGSFVGRLLGVGFDACKAVHLNFCAMDAPPEGPSIESLSAAEKEGIARMEKFMTDGFAYAMEHSTRPSTIGHVLSSSPIALLAWIGEKYLQWVDKPLPSETILEMVSLYWLTESFPRAIHTYRECFPTASAPNGATMLQKELYIHKPFGFSFFPKDLVPVPRSWIATTGNLVFFRDHAEGGHFAALERPRELKTDLTAFVEQVWQK,38
MSAPFAKFPSSASISPNPFTVSIPDEQLDDLKTLVRLSKIAPPTYESLQADGRFGITSEWLTTMREKWLSEFDWRPFEARLNSFPQFTTEIEGLTIHFAALFSEREDAVPIALLHGWPGSFVEFYPILQLFREEYTPETLPFHLVVPSLPGYTFSSGPPLDKDFGLMDNARVVDQLMKDLGFGSGYIIQGGDIGSFVGRLLGVGFDACKAVHLNFCAMDAPPEGPSIESLSAAEKEGIARMEKFMTDGFAYAMEHSTRPSTIGHVLSSSPIALLAWIGEKYLQWVDKPLPSETILEMVSLYWLTESFPRAIHTYRECFPTASAPNGATMLQKELYIHKPFGFSFFPKDVHPVPRSWIATTGNLVFFRDHAEGGHFAALERPRELKTDLTAFVEQVWQK,56
MSAPFAKFPSSASISPNPFTVSIPDEQLDDLKTLVRLSKIAPPTYESLQADGRFGITSEWLTTMREKWLSEFDWRPFEARLNSFPQFTTEIEGLTIHFAALFSEREDAVPIALLHGWPGSFVEFYPILQLFREEYTPETLPFHLVVPSLPGYTFSSGPPLDKDFGLMDNARVVDQLMKDLGFGSGYIIQGGDIGSFVGRLLGVGFDACKAVHLNFCAMGAPPEGPSIESLSAAEKEGIARMEKFMTDGFAYAMEHSTRPSTIGHVLSSSPIALLAWIGEKYLQWVDKPLPSETILEMVSLYWLTESFPRAIHTYRECFPTASAPNGATMLQKELYIHKPFGFSFFPKDVHPVPRSWIATTGNLVFFRDHAEGGHFAALERPRELKTDLTAFVEQVWQK,57
MSAPFAKFPSSASISPNPFTVSIPDEQLDDLKTLVRLSKIAPPTYESLQADGRFGITSEWLTTMREKWLSEFDWRPFEARLNSFPQFTTEIEGLTIHFAALFSEREDAVPIALLHGWPGSFVEFYPILQLFREEYTPETLPFHLVVPSLPGYTFSSGPPLDKDFGLMDNARVVDQLMKDLGFGSGYIIQGGDIGSFVGRLLGVGFDACKAVHLNFCAMVAPPEGPSIESLSAAEKEGIARMEKFMTDGFAYAMEHSTRPSTIGHVLSSSPIALLAWIGEKYLQWVDKPLPSETILEMVSLYWLTESFPRAIHTYRECFPTASAPNGATMLQKELYIHKPFGFSFFPKDVHPVPRSWIATTGNLVFFRDHAEGGHFAALERPRELKTDLTAFVEQVWQK,35
MSAPFAKFPSSASISPNPFTVSIPDEQLDDLKTLVRLSKIAPPTYESLQADGRFGITSEWLTTMREKWLSEFDWRPFEARLNSFPQFTTEIEGLTIHFAALFSEREDAVPIALLHGWPGSFVEFYPILQLFREEYTPETLPFHLVVPSLPGYTFSSGPPLDKDFGLMDNARVVDQLMKDLGFGSGYIIQGGDIGSFVGRLLGVGFDACKAVHLNFCAMSAPPEGPSIESLSAAEKEGIARMEKFMTDGFAYAMEHSTRPSTIGHVLSSSPIALLAWIGEKYLQWVDKPLPSETILEMVSLYWLTESFPRAIHTYRECFPTASAPNGATMLQKELYIHKPFGFSFFPKDVHPVPRSWIATTGNLVFFRDHAEGGHFAALERPRELKTDLTAFVEQVWQK,55
MSAPFAKFPSSASISPNPFTVSIPDEQLDDLKTLVRLSKIAPPTYESLQADGRFGITSEWLTTMREKWLSEFDWRPFEARLNSFPQFTTEIEGLTIHFAALFSEREDAVPIALLHGWPGSFVEFYPILQLFREEYTPETLPFHLVVPSLPGYTFSSGPPLDKDFGLMDNARVVDQLMKDLGFGSGYIIQGGDIGSFVGRLLGVGFDACKAVHLNLCAMRAPPEGPSIESLSAAEKEGIARMEKFMTDGLAYAMEHSTRPSTIGHVLSSSPIALLAWIGEKYLQWVDKPLPSETILEMVSLYWLTESFPRAIHTYREWVPTASAPNGATMLQKELYIHKPFGFSFFPKDLCPVPRSWIATTGNLVFFRDHAEGGHFAALERPRELKTDLTAFVEQVWQK,16
MSAPFAKFPSSASISPNPFTVSIPDEQLDDLKTLVRLSKIAPPTYESLQADGRFGITSEWLTTMREKWLSEFDWRPFEARLNSFPQFTTEIEGLTIHFAALFSEREDAVPIALLHGWPGSFVEFYPILQLFREEYTPETLPFHLVVPSLPGYTFSSGPPLDKDFGLMDNARVVDQLMKDLGFGSGYIIQGGDIGSFVGRLLGVGFDACKAVHLNLCAMRAPPEGPSIESLSAAEKEGIARMEKFMTDGYAYAMEHSTRPSTIGHVLSSSPIALLAWIGEKYLQWVDKPLPSETILEMVSLYWLTESFPRAIHTYRETTPTASAPNGATMLQKELYIHKPFGFSFFPKDLCPVPRSWIATTGNLVFFRDHAEGGHFAALERPRELKTDLTAFVEQVWQK,4
MSAPFAKFPSSASISPNPFTVSIPDEQLDDLKTLVRLSKIAPPTYESLQADGRFGITSEWLTTMREKWLSEFDWRPFEARLNSFPQFTTEIEGLTIHFAALFSEREDAVPIALLHGWPGSFVEFYPILQLFREEYTPETLPFHLVVPSLPGYTFSSGPPLDKDFGLMDNARVVDQLMKDLGFGSGYIIQGGDIGSFVGRLLGVGFDACKAVHLNLCAMRAPPEGPSIESLSAAEKEGIARMEKFMTDGYAYAMEHSTRPSTIGHVLSSSPIALLAWIGEKYLQWVDKPLPSETILEMVSLYWLTESFPRAIHTYREWVPTASAPNGATMLQKELYIHKPFGFSFFPKDLCPVPRSWIATTGNLVFFRDHAEGGHFAALERPRELKTDLTAFVEQVWQK,22
MSAPFAKFPSSASISPNPFTVSIPDEQLDDLKTLVRLSKIAPPTYESLQADGRFGITSEWLTTMREKWLSEFDWRPFEARLNSFPQFTTEIEGLTIHFAALFSEREDAVPIALLHGWPGSFVEFYPILQLFREEYTPETLPFHLVVPSLPGYTFSSGPPLDKDFGLMDNARVVDQLMKDLGFGSGYIIQGGDIGSFVGRLLGVGFDACKAVHLNLCAMRAPPEGPSIESLSAAEKEGIARMEKFMTDGYAYAMEHSTRPSTIGHVLSSSPIALLAWIGEKYLQWVDKPLPSETILEMVSLYWLTESFPRAIHTYRETTPTASAPNGATMLQKELYIHKPFGFSFFPKDLVPVPRSWIATTGNLVFFRDHAEGGHFAALERPRELKTDLTAFVEQVWQK,4
MSAPFAKFPSSASISPNPFTVSIPDEQLDDLKTLVRLSKIAPPTYESLQADGRFGITSEWLTTMREKWLSEFDWRPFEARLNSFPQFTTEIEGLTIHFAALFSEREDAVPIALLHGWPGSFVEFYPILQLFREEYTPETLPFHLVVPSLPGYTFSSGPPLDKDFGLMDNARVVDQLMKDLGFGSGYIIQGGDIGSFVGRLLGVGFDACKAVHLNLCAMRAPPEGPSIESLSAAEKEGIARMEKFMTDGLAYAMEHSTRPSTIGHVLSSSPIALLAWIGEKYLQWVDKPLPSETILEMVSLYWLTESFPRAIHTYREWVPTASAPNGATMLQKELYIHKPFGFSFFPKDYVPVPRSWIATTGNLVFFRDHAEGGHFAALERPRELKTDLTAFVEQVWQK,18
MSAPFAKFPSSASISPNPFTVSIPDEQLDDLKTLVRLSKIAPPTYESLQADGRFGITSEWLTTMREKWLSEFDWRPFEARLNSFPQFTTEIEGLTIHFAALFSEREDAVPIALLHGWPGSFVEFYPILQLFREEYTPETLPFHLVVPSLPGYTFSSGPPLDKDFGLMDNARVVDQLMKDLGFGSGYIIQGGDIGSFVGRLLGVGFDACKAVHLNFCAMRAPPEGPSIESLSAAEKEGIARMEKFMTDGLAYAMEHSTRPSTIGHVLSSSPIALLAWIGEKYLQWVDKPLPSETILEMVSLYWLTESFPRAIHTYRETTPTASAPNGATMLQKELYIHKPFGFSFFPKDLCPVPRSWIATTGNLVFFRDHAEGGHFAALERPRELKTDLTAFVEQVWQK,12
MSAPFAKFPSSASISPNPFTVSIPDEQLDDLKTLVRLSKIAPPTYESLQADGRFGITSEWLTTMREKWLSEFDWRPFEARLNSFPQFTTEIEGLTIHFAALFSEREDAVPIALLHGWPGSFVEFYPILQLFREEYTPETLPFHLVVPSLPGYTFSSGPPLDKDFGLMDNARVVDQLMKDLGFGSGYIIQGGDIGSFVGRLLGVGFDACKAVHLNLCAMSAPPEGPSIESLSAAEKEGIARMEKFMTDGLAYAMEHSTRPSTIGHVLSSSPIALLAWIGEKYLQWVDKPLPSETILEMVSLYWLTESFPRAIHTYRETTPTASAPNGATMLQKELYIHKPFGFSFFPKDLCPVPRSWIATTGNLVFFRDHAEGGHFAALERPRELKTDLTAFVEQVWQK,4
MSAPFAKFPSSASISPNPFTVSIPDEQLDDLKTLVRLSKIAPPTYESLQADGRFGITSEWLTTMREKWLSEFDWRPFEARLNSFPQFTTEIEGLTIHFAALFSEREDAVPIALLHGWPGSFVEFYPILQLFREEYTPETLPFHLVVPSLPGYTFSSGPPLDKDFGLMDNARVVDQLMKDLGFGSGYIIQGGDIGSFVGRLLGVGFDACKAVHLNLCAMRAPPEGPSIESLSAAEKEGIARMEKFMTDGLAYAMEHSTRPSTIGHVLSSSPIALLAWIGEKYLQWVDKPLPSETILEMVSLYWLTESFPRAIHTYREWTPTASAPNGATMLQKELYIHKPFGFSFFPKDLCPVPRSWIATTGNLVFFRDHAEGGHFAALERPRELKTDLTAFVEQVWQK,12
MSAPFAKFPSSASISPNPFTVSIPDEQLDDLKTLVRLSKIAPPTYESLQADGRFGITSEWLTTMREKWLSEFDWRPFEARLNSFPQFTTEIEGLTIHFAALFSEREDAVPIALLHGWPGSFVEFYPILQLFREEYTPETLPFHLVVPSLPGYTFSSGPPLDKDFGLMDNARVVDQLMKDLGFGSGYIIQGGDIGSFVGRLLGVGFDACKAVHLNLCAMRAPPEGPSIESLSAAEKEGIARMEKFMTDGLAYAMEHSTRPSTIGHVLSSSPIALLAWIGEKYLQWVDKPLPSETILEMVSLYWLTESFPRAIHTYRETVPTASAPNGATMLQKELYIHKPFGFSFFPKDLCPVPRSWIATTGNLVFFRDHAEGGHFAALERPRELKTDLTAFVEQVWQK,4
MSAPFAKFPSSASISPNPFTVSIPDEQLDDLKTLVRLSKIAPPTYESLQADGRFGITSEWLTTMREKWLSEFDWRPFEARLNSFPQFTTEIEGLTIHFAALFSEREDAVPIALLHGWPGSFVEFYPILQLFREEYTPETLPFHLVVPSLPGYTFSSGPPLDKDFGLMDNARVVDQLMKDLGFGSGYIIQGGDIGSFVGRLLGVGFDACKAVHLNLCAMRAPPEGPSIESLSAAEKEGIARMEKFMTDGLAYAMEHSTRPSTIGHVLSSSPIALLAWIGEKYLQWVDKPLPSETILEMVSLYWLTESFPRAIHTYRETTPTASAPNGATMLQKELYIHKPFGFSFFPKDLVPVPRSWIATTGNLVFFRDHAEGGHFAALERPRELKTDLTAFVEQVWQK,5
MSAPFAKFPSSASISPNPFTVSIPDEQLDDLKTLVRLSKIAPPTYESLQADGRFGITSEWLTTMREKWLSEFDWRPFEARLNSFPQFTTEIEGLTIHFAALFSEREDAVPIALLHGWPGSFVEFYPILQLFREEYTPETLPFHLVVPSLPGYTFSSGPPLDKDFGLMDNARVVDQLMKDLGFGSGYIIQGGDIGSFVGRLLGVGFDACKAVHLNFCAMRAPPEGPSIESLSAAEKEGIARMEKFMTDGLAYAMEHSTRPSTIGHVLSSSPIALLAWIGEKYLQWVDKPLPSETILEMVSLYWLTESFPRAIHTYREWTPTASAPNGATMLQKELYIHKPFGFSFFPKDLCPVPRSWIATTGNLVFFRDHAEGGHFAALERPRELKTDLTAFVEQVWQK,34
MSAPFAKFPSSASISPNPFTVSIPDEQLDDLKTLVRLSKIAPPTYESLQADGRFGITSEWLTTMREKWLSEFDWRPFEARLNSFPQFTTEIEGLTIHFAALFSEREDAVPIALLHGWPGSFVEFYPILQLFREEYTPETLPFHLVVPSLPGYTFSSGPPLDKDFGLMDNARVVDQLMKDLGFGSGYIIQGGDIGSFVGRLLGVGFDACKAVHLNLCAMSAPPEGPSIESLSAAEKEGIARMEKFMTDGLAYAMEHSTRPSTIGHVLSSSPIALLAWIGEKYLQWVDKPLPSETILEMVSLYWLTESFPRAIHTYREWTPTASAPNGATMLQKELYIHKPFGFSFFPKDLCPVPRSWIATTGNLVFFRDHAEGGHFAALERPRELKTDLTAFVEQVWQK,10
MSAPFAKFPSSASISPNPFTVSIPDEQLDDLKTLVRLSKIAPPTYESLQADGRFGITSEWLTTMREKWLSEFDWRPFEARLNSFPQFTTEIEGLTIHFAALFSEREDAVPIALLHGWPGSFVEFYPILQLFREEYTPETLPFHLVVPSLPGYTFSSGPPLDKDFGLMDNARVVDQLMKDLGFGSGYIIQGGDIGSFVGRLLGVGFDACKAVHLNFCAMSAPPEGPSIESLSAAEKEGIARMEKFMTDGLAYAMEHSTRPSTIGHVLSSSPIALLAWIGEKYLQWVDKPLPSETILEMVSLYWLTESFPRAIHTYREWTPTASAPNGATMLQKELYIHKPFGFSFFPKDLCPVPRSWIATTGNLVFFRDHAEGGHFAALERPRELKTDLTAFVEQVWQK,27
MSAPFAKFPSSASISPNPFTVSIPDEQLDDLKTLVRLSKIAPPTYESLQADGRFGITSEWLTTMREKWLSEFDWRPFEARLNSFPQFTTEIEGLTIHFAALFSEREDAVPIALLHGWPGSFVEFYPILQLFREEYTPETLPFHLVVPSLPGYTFSSGPPLDKDFGLMDNARVVDQLMKDLGFGSGYIIQGGDIGSFVGRLLGVGFDACKAVHLNLCAMTAPPEGPSIESLSAAEKEGIARMEKFMTDGLAYAMEHSTRPSTIGHVLSSSPIALLAWIGEKYLQWVDKPLPSETILEMVSLYWLTESFPRAIHTYRETTPTASAPNGATMLQKELYIHKPFGFSFFPKDLCPVPRSWIATTGNLVFFRDHAEGGHFAALERPRELKTDLTAFVEQVWQK,5.57
MSAPFAKFPSSASISPNPFTVSIPDEQLDDLKTLVRLSKIAPPTYESLQADGRFGITSEWLTTMREKWLSEFDWRPFEARLNSFPQFTTEIEGLTIHFAALFSEREDAVPIALLHGWPGSFVEFYPILQLFREEYTPETLPFHLVVPSLPGYTFSSGPPLDKDFGLMDNARVVDQLMKDLGFGSGYIIQGGDIGSFVGRLLGVGFDACKAVHLNLCAMMAPPEGPSIESLSAAEKEGIARMEKFMTDGLAYAMEHSTRPSTIGHVLSSSPIALLAWIGEKYLQWVDKPLPSETILEMVSLYWLTESFPRAIHTYRETTPTASAPNGATMLQKELYIHKPFGFSFFPKDLCPVPRSWIATTGNLVFFRDHAEGGHFAALERPRELKTDLTAFVEQVWQK,4.19
MSAPFAKFPSSASISPNPFTVSIPDEQLDDLKTLVRLSKIAPPTYESLQADGRFGITSEWLTTMREKWLSEFDWRPFEARLNSFPQFTTEIEGLTIHFAALFSEREDAVPIALLHGWPGSFVEFYPILQLFREEYTPETLPFHLVVPSLPGYTFSSGPPLDKDFGLMDNARVVDQLMKDLGFGSGYIIQGGDIGSFVGRLLGVGFDACKAVHLNFCAMSAPPEGPSIESLSAAEKEGIARMEKFMTDGLAYAMEHSTRPSTIGHVLSSSPIALLAWIGEKYLQWVDKPLPSETILEMVSLYWLTESFPRAIHTYRETTPTASAPNGATMLQKELYIHKPFGFSFFPKDLCPVPRSWIATTGNLVFFRDHAEGGHFAALERPRELKTDLTAFVEQVWQK,19
